CODE,BULK LBR,BULK RATE,PRODUCT,WEIGHT,RSLR LBR,RESELLER RATE,CUST LBR,RETAIL RATE,RETAIL            T. PRICE,245,,BULK CODE,RSLR CODE,CUST CODE,
ACC02-01,599,599,Exclusive CNC 925 Silver Rakhi,PC,689,689,839,839,839,,,BGG,LNG,NAG,
ACC02-02,599,599,Exclusive CNC 925 Silver Rakhi,PC,689,689,839,839,839,,,BGG,LNG,NAG,
ACC02-03,599,599,Exclusive CNC 925 Silver Rakhi,PC,689,689,839,839,839,,,BGG,LNG,NAG,
ACC02-04,599,599,Exclusive CNC 925 Silver Rakhi,PC,689,689,839,839,839,,,BGG,LNG,NAG,
ACC02-05,599,599,Exclusive CNC 925 Silver Rakhi,PC,689,689,839,839,839,,,BGG,LNG,NAG,
ACC02-06,599,599,Exclusive CNC 925 Silver Rakhi,PC,689,689,839,839,839,,,BGG,LNG,NAG,
ACC02-07,599,599,Exclusive CNC 925 Silver Rakhi,PC,689,689,839,839,839,,,BGG,LNG,NAG,
ACC02-08,599,599,Exclusive CNC 925 Silver Rakhi,PC,689,689,839,839,839,,,BGG,LNG,NAG,
ACC02-09,599,599,Exclusive CNC 925 Silver Rakhi,PC,689,689,839,839,839,,,BGG,LNG,NAG,
ACC02-10,599,599,Exclusive CNC 925 Silver Rakhi,PC,689,689,839,839,839,,,BGG,LNG,NAG,
ACC03-01,65,310,Sparkle CZ Saree Pins,3.20,112,357,189,434,"1,389",,,LB,RRO,RNG,
ACC03-02,65,310,Sparkle CZ Saree Pins,2.10,112,357,189,434,911,,,LB,RRO,RNG,
ACC03-03,65,310,Sparkle CZ Saree Pins,2.75,112,357,189,434,"1,194",,,LB,RRO,RNG,
ACC03-04,65,310,Sparkle CZ Saree Pins,2.85,112,357,189,434,"1,237",,,LB,RRO,RNG,
ACC03-05,65,310,Sparkle CZ Saree Pins,3.00,112,357,189,434,"1,302",,,LB,RRO,RNG,
ACC03-06,65,310,Sparkle CZ Saree Pins,3.30,112,357,189,434,"1,432",,,LB,RRO,RNG,
ACC03-07,65,310,Sparkle CZ Saree Pins,3.10,112,357,189,434,"1,345",,,LB,RRO,RNG,
ACC03-08,65,310,Sparkle CZ Saree Pins,2.95,112,357,189,434,"1,280",,,LB,RRO,RNG,
ACC03-09,65,310,Sparkle CZ Saree Pins,3.25,112,357,189,434,"1,411",,,LB,RRO,RNG,
ACC03-10,65,310,Sparkle CZ Saree Pins,2.90,112,357,189,434,"1,259",,,LB,RRO,RNG,
ACC04-01,180,425,Moissanite Premium Brooch,14.40,244,489,350,595,"8,568",,,RNX,OZZ,ABX,
ACC04-02,180,425,Moissanite Premium Brooch,10.70,244,489,350,595,"6,367",,,RNX,OZZ,ABX,
ACC04-04,180,425,Moissanite Premium Brooch,11.00,244,489,350,595,"6,545",,,RNX,OZZ,ABX,
ACC04-05,180,425,Moissanite Premium Brooch,10.70,244,489,350,595,"6,367",,,RNX,OZZ,ABX,
ACC04-06,180,425,Moissanite Premium Brooch,10.90,244,489,350,595,"6,486",,,RNX,OZZ,ABX,
ACC04-07,180,425,Moissanite Premium Brooch,11.40,244,489,350,595,"6,783",,,RNX,OZZ,ABX,
ACC04-08,180,425,Moissanite Premium Brooch,11.20,244,489,350,595,"6,664",,,RNX,OZZ,ABX,
ACC04-09,180,425,Moissanite Premium Brooch,31.75,244,489,350,595,"18,891",,,RNX,OZZ,ABX,
ACC04-10,180,425,Moissanite Premium Brooch,23.00,244,489,350,595,"13,685",,,RNX,OZZ,ABX,
ACC05-01,13499,"13,499",Exclusive Aviator Sunglasses,PC,"15,524","15,524","18,899","18,899","18,899",,,RAZGG,RBBOZ,RNNGG,
ACC06-01,290,535,Imported Enamel Brooches,8.00,370,615,504,749,"5,992",,,OGX,AIX,BXZ,
ACC06-02,290,535,Imported Enamel Brooches,8.50,370,615,504,749,"6,367",,,OGX,AIX,BXZ,
ACC06-03,290,535,Imported Enamel Brooches,7.60,370,615,504,749,"5,692",,,OGX,AIX,BXZ,
ACC06-04,290,535,Imported Enamel Brooches,7.50,370,615,504,749,"5,618",,,OGX,AIX,BXZ,
ACC07-01,290,535,Turkey Micro Excl. Brooch,10.00,370,615,504,749,"7,490",,,OGX,AIX,BXZ,
ACC07-02,290,535,Turkey Micro Excl. Brooch,10.05,370,615,504,749,"7,527",,,OGX,AIX,BXZ,
ACC07-03,290,535,Turkey Micro Excl. Brooch,17.30,370,615,504,749,"12,958",,,OGX,AIX,BXZ,
ACC08-01,280,280,Fancy 999 Silver Rakhi,PC,322,322,392,392,392,,,ONX,AOO,AGO,
ACC08-04,280,280,Fancy 999 Silver Rakhi,PC,322,322,392,392,392,,,ONX,AOO,AGO,
ACC08-05,280,280,Fancy 999 Silver Rakhi,PC,322,322,392,392,392,,,ONX,AOO,AGO,
ACC08-08,280,280,Fancy 999 Silver Rakhi,PC,322,322,392,392,392,,,ONX,AOO,AGO,
ACC08-09,280,280,Fancy 999 Silver Rakhi,PC,322,322,392,392,392,,,ONX,AOO,AGO,
ACC08-10,280,280,Fancy 999 Silver Rakhi,PC,322,322,392,392,392,,,ONX,AOO,AGO,
ACC09-01,280,280,Silver Rakhi - ED1,PC,322,322,392,392,392,,,ONX,AOO,AGO,
ACC09-02,280,280,Silver Rakhi - ED1,PC,322,322,392,392,392,,,ONX,AOO,AGO,
ACC10-01,1499,"1,499",Silver Rakhi - ED2,PC,"1,724","1,724","2,099","2,099","2,099",,,RZGG,RIOZ,OXGG,
ACC11-01,399,399,Silver Rakhi - ED3,PC,459,459,559,559,559,,,AGG,ZBG,BBG,
ACC11-05,399,399,Silver Rakhi - ED3,PC,459,459,559,559,559,,,AGG,ZBG,BBG,
ACC11-06,399,399,Silver Rakhi - ED3,PC,459,459,559,559,559,,,AGG,ZBG,BBG,
ACC12-01,690,690,Silver Rakhi - ED4,PC,794,794,966,966,966,,,LGX,IGZ,GLL,
ACC12-02,690,690,Silver Rakhi - ED4,PC,794,794,966,966,966,,,LGX,IGZ,GLL,
ACC12-03,690,690,Silver Rakhi - ED4,PC,794,794,966,966,966,,,LGX,IGZ,GLL,
ACC13-02,480,480,Classic 925 Silver Rakhi Belt,PC,552,552,672,672,672,,,ZNX,BBO,LIO,
ACC13-03,480,480,Classic 925 Silver Rakhi Belt,PC,552,552,672,672,672,,,ZNX,BBO,LIO,
ACC13-05,480,480,Classic 925 Silver Rakhi Belt,PC,552,552,672,672,672,,,ZNX,BBO,LIO,
ACC13-06,480,480,Classic 925 Silver Rakhi Belt,PC,552,552,672,672,672,,,ZNX,BBO,LIO,
ACC13-07,480,480,Classic 925 Silver Rakhi Belt,PC,552,552,672,672,672,,,ZNX,BBO,LIO,
ACC13-08,480,480,Classic 925 Silver Rakhi Belt,PC,552,552,672,672,672,,,ZNX,BBO,LIO,
ACC13-09,480,480,Classic 925 Silver Rakhi Belt,PC,552,552,672,672,672,,,ZNX,BBO,LIO,
ACC13-10,480,480,Classic 925 Silver Rakhi Belt,PC,552,552,672,672,672,,,ZNX,BBO,LIO,
ACC14-01,150,395,Imported Exclusive Brooch,7.55,209,454,308,553,"4,175",,,RBX,OXG,AXN,
ACC14-02,150,395,Imported Exclusive Brooch,7.45,209,454,308,553,"4,120",,,RBX,OXG,AXN,
ACC14-03,150,395,Imported Exclusive Brooch,9.50,209,454,308,553,"5,254",,,RBX,OXG,AXN,
ACC14-04,150,395,Imported Exclusive Brooch,5.60,209,454,308,553,"3,097",,,RBX,OXG,AXN,
ACC14-05,150,395,Imported Exclusive Brooch,7.55,209,454,308,553,"4,175",,,RBX,OXG,AXN,
ACC14-06,150,395,Imported Exclusive Brooch,7.25,209,454,308,553,"4,009",,,RBX,OXG,AXN,
ACC15-01,110,355,Srinath Ji Oxide Matte Brooch,11.70,163,408,252,497,"5,815",,,RRX,RLA,OBO,
ACC16-09,410,410,RakshaBand Pure 999 Silver Rakhi,PC,472,472,574,574,574,,,ZRX,ZIO,BIZ,
ACC16-18,410,410,RakshaBand Pure 999 Silver Rakhi,PC,472,472,574,574,574,,,ZRX,ZIO,BIZ,
ACC16-22,410,410,RakshaBand Pure 999 Silver Rakhi,PC,472,472,574,574,574,,,ZRX,ZIO,BIZ,
ACC16-23,410,410,RakshaBand Pure 999 Silver Rakhi,PC,472,472,574,574,574,,,ZRX,ZIO,BIZ,
ACC16-26,410,410,RakshaBand Pure 999 Silver Rakhi,PC,472,472,574,574,574,,,ZRX,ZIO,BIZ,
ACC16-31,410,410,RakshaBand Pure 999 Silver Rakhi,PC,472,472,574,574,574,,,ZRX,ZIO,BIZ,
ACC17-01,549,549,925 Silver Rakhi Leather Band,PC,631,631,769,769,769,,,BZG,LAR,ILG,
ACC17-03,549,549,925 Silver Rakhi Leather Band,PC,631,631,769,769,769,,,BZG,LAR,ILG,
ACC17-04,549,549,925 Silver Rakhi Leather Band,PC,631,631,769,769,769,,,BZG,LAR,ILG,
ACC17-05,549,549,925 Silver Rakhi Leather Band,PC,631,631,769,769,769,,,BZG,LAR,ILG,
ACC17-06,549,549,925 Silver Rakhi Leather Band,PC,631,631,769,769,769,,,BZG,LAR,ILG,
ACC17-07,549,549,925 Silver Rakhi Leather Band,PC,631,631,769,769,769,,,BZG,LAR,ILG,
ACC17-08,549,549,925 Silver Rakhi Leather Band,PC,631,631,769,769,769,,,BZG,LAR,ILG,
ACC17-09,549,549,925 Silver Rakhi Leather Band,PC,631,631,769,769,769,,,BZG,LAR,ILG,
ACC17-10,549,549,925 Silver Rakhi Leather Band,PC,631,631,769,769,769,,,BZG,LAR,ILG,
ACC17-11,549,549,925 Silver Rakhi Leather Band,PC,631,631,769,769,769,,,BZG,LAR,ILG,
ACC18-01,3200,"3,200",Divine Adjustable Rakhi Bracelet,PC,"3,680","3,680","4,480","4,480","4,480",,,AOXX,ALNX,ZZNX,
ACC18-02,3200,"3,200",Divine Adjustable Rakhi Bracelet,PC,"3,680","3,680","4,480","4,480","4,480",,,AOXX,ALNX,ZZNX,
ANK02-01,999,999,Black Thread/Beads Anklets,PC,"1,149","1,149","1,399","1,399","1,399",,,GGG,RRZG,RAGG,
ANK02-02,999,999,Black Thread/Beads Anklets,PC,"1,149","1,149","1,399","1,399","1,399",,,GGG,RRZG,RAGG,
ANK02-03,999,999,Black Thread/Beads Anklets,PC,"1,149","1,149","1,399","1,399","1,399",,,GGG,RRZG,RAGG,
ANK02-04,999,999,Black Thread/Beads Anklets,PC,"1,149","1,149","1,399","1,399","1,399",,,GGG,RRZG,RAGG,
ANK02-05,999,999,Black Thread/Beads Anklets,PC,"1,149","1,149","1,399","1,399","1,399",,,GGG,RRZG,RAGG,
ANK02-06,999,999,Black Thread/Beads Anklets,PC,"1,149","1,149","1,399","1,399","1,399",,,GGG,RRZG,RAGG,
ANK02-07,999,999,Black Thread/Beads Anklets,PC,"1,149","1,149","1,399","1,399","1,399",,,GGG,RRZG,RAGG,
ANK02-08,999,999,Black Thread/Beads Anklets,PC,"1,149","1,149","1,399","1,399","1,399",,,GGG,RRZG,RAGG,
ANK02-09,999,999,Black Thread/Beads Anklets,PC,"1,149","1,149","1,399","1,399","1,399",,,GGG,RRZG,RAGG,
ANK02-10,999,999,Black Thread/Beads Anklets,PC,"1,149","1,149","1,399","1,399","1,399",,,GGG,RRZG,RAGG,
ANK02-11,999,999,Black Thread/Beads Anklets,PC,"1,149","1,149","1,399","1,399","1,399",,,GGG,RRZG,RAGG,
ANK02-12,999,999,Black Thread/Beads Anklets,PC,"1,149","1,149","1,399","1,399","1,399",,,GGG,RRZG,RAGG,
ANK02-13,999,999,Black Thread/Beads Anklets,PC,"1,149","1,149","1,399","1,399","1,399",,,GGG,RRZG,RAGG,
ANK02-14,999,999,Black Thread/Beads Anklets,PC,"1,149","1,149","1,399","1,399","1,399",,,GGG,RRZG,RAGG,
ANK02-15,999,999,Black Thread/Beads Anklets,PC,"1,149","1,149","1,399","1,399","1,399",,,GGG,RRZG,RAGG,
ANK02-16,999,999,Black Thread/Beads Anklets,PC,"1,149","1,149","1,399","1,399","1,399",,,GGG,RRZG,RAGG,
ANK02-17,999,999,Black Thread/Beads Anklets,PC,"1,149","1,149","1,399","1,399","1,399",,,GGG,RRZG,RAGG,
ANK02-18,999,999,Black Thread/Beads Anklets,PC,"1,149","1,149","1,399","1,399","1,399",,,GGG,RRZG,RAGG,
ANK02-19,999,999,Black Thread/Beads Anklets,PC,"1,149","1,149","1,399","1,399","1,399",,,GGG,RRZG,RAGG,
ANK02-20,999,999,Black Thread/Beads Anklets,PC,"1,149","1,149","1,399","1,399","1,399",,,GGG,RRZG,RAGG,
ANK02-21,999,999,Black Thread/Beads Anklets,PC,"1,149","1,149","1,399","1,399","1,399",,,GGG,RRZG,RAGG,
ANK02-22,999,999,Black Thread/Beads Anklets,PC,"1,149","1,149","1,399","1,399","1,399",,,GGG,RRZG,RAGG,
ANK02-23,999,999,Black Thread/Beads Anklets,PC,"1,149","1,149","1,399","1,399","1,399",,,GGG,RRZG,RAGG,
ANK02-24,999,999,Black Thread/Beads Anklets,PC,"1,149","1,149","1,399","1,399","1,399",,,GGG,RRZG,RAGG,
ANK02-25,999,999,Black Thread/Beads Anklets,PC,"1,149","1,149","1,399","1,399","1,399",,,GGG,RRZG,RAGG,
ANK02-26,999,999,Black Thread/Beads Anklets,PC,"1,149","1,149","1,399","1,399","1,399",,,GGG,RRZG,RAGG,
ANK02-27,999,999,Black Thread/Beads Anklets,PC,"1,149","1,149","1,399","1,399","1,399",,,GGG,RRZG,RAGG,
ANK02-28,999,999,Black Thread/Beads Anklets,PC,"1,149","1,149","1,399","1,399","1,399",,,GGG,RRZG,RAGG,
ANK02-29,999,999,Black Thread/Beads Anklets,PC,"1,149","1,149","1,399","1,399","1,399",,,GGG,RRZG,RAGG,
ANK02-30,999,999,Black Thread/Beads Anklets,PC,"1,149","1,149","1,399","1,399","1,399",,,GGG,RRZG,RAGG,
ANK02-31,999,999,Black Thread/Beads Anklets,PC,"1,149","1,149","1,399","1,399","1,399",,,GGG,RRZG,RAGG,
ANK02-32,999,999,Black Thread/Beads Anklets,PC,"1,149","1,149","1,399","1,399","1,399",,,GGG,RRZG,RAGG,
ANK02-33,999,999,Black Thread/Beads Anklets,PC,"1,149","1,149","1,399","1,399","1,399",,,GGG,RRZG,RAGG,
ANK02-34,999,999,Black Thread/Beads Anklets,PC,"1,149","1,149","1,399","1,399","1,399",,,GGG,RRZG,RAGG,
ANK02-35,999,999,Black Thread/Beads Anklets,PC,"1,149","1,149","1,399","1,399","1,399",,,GGG,RRZG,RAGG,
ANK03-01,250,495,Elegant Charming Imported Anklets,5.20,324,569,448,693,"3,604",,,OBX,AOZ,ZZN,
ANK03-02,250,495,Elegant Charming Imported Anklets,3.30,324,569,448,693,"2,287",,,OBX,AOZ,ZZN,
ANK03-03,250,495,Elegant Charming Imported Anklets,6.90,324,569,448,693,"4,782",,,OBX,AOZ,ZZN,
ANK03-04,250,495,Elegant Charming Imported Anklets,7.00,324,569,448,693,"4,851",,,OBX,AOZ,ZZN,
ANK03-05,250,495,Elegant Charming Imported Anklets,4.80,324,569,448,693,"3,326",,,OBX,AOZ,ZZN,
ANK03-06,250,495,Elegant Charming Imported Anklets,3.17,324,569,448,693,"2,197",,,OBX,AOZ,ZZN,
ANK03-07,250,495,Elegant Charming Imported Anklets,7.15,324,569,448,693,"4,955",,,OBX,AOZ,ZZN,
ANK03-08,250,495,Elegant Charming Imported Anklets,7.85,324,569,448,693,"5,440",,,OBX,AOZ,ZZN,
ANK03-09,250,495,Elegant Charming Imported Anklets,5.17,324,569,448,693,"3,583",,,OBX,AOZ,ZZN,
ANK03-10,250,495,Elegant Charming Imported Anklets,6.75,324,569,448,693,"4,678",,,OBX,AOZ,ZZN,
ANK03-11,250,495,Elegant Charming Imported Anklets,7.83,324,569,448,693,"5,423",,,OBX,AOZ,ZZN,
ANK03-12,250,495,Elegant Charming Imported Anklets,3.20,324,569,448,693,"2,218",,,OBX,AOZ,ZZN,
ANK04-01,1499,"1,499",Kids Nazariya Ball Anklets,PC,"1,724","1,724","2,099","2,099","2,099",,,RZGG,RIOZ,OXGG,
ANK04-02,1499,"1,499",Kids Nazariya Ball Anklets,PC,"1,724","1,724","2,099","2,099","2,099",,,RZGG,RIOZ,OXGG,
ANK04-03,1499,"1,499",Kids Nazariya Ball Anklets,PC,"1,724","1,724","2,099","2,099","2,099",,,RZGG,RIOZ,OXGG,
ANK04-04,1499,"1,499",Kids Nazariya Ball Anklets,PC,"1,724","1,724","2,099","2,099","2,099",,,RZGG,RIOZ,OXGG,
ANK04-05,1499,"1,499",Kids Nazariya Ball Anklets,PC,"1,724","1,724","2,099","2,099","2,099",,,RZGG,RIOZ,OXGG,
ANK04-06,1499,"1,499",Kids Nazariya Ball Anklets,PC,"1,724","1,724","2,099","2,099","2,099",,,RZGG,RIOZ,OXGG,
ANK04-07,1499,"1,499",Kids Nazariya Ball Anklets,PC,"1,724","1,724","2,099","2,099","2,099",,,RZGG,RIOZ,OXGG,
ANK04-08,1499,"1,499",Kids Nazariya Ball Anklets,PC,"1,724","1,724","2,099","2,099","2,099",,,RZGG,RIOZ,OXGG,
ANK04-09,1499,"1,499",Kids Nazariya Ball Anklets,PC,"1,724","1,724","2,099","2,099","2,099",,,RZGG,RIOZ,OXGG,
ANK04-10,1499,"1,499",Kids Nazariya Ball Anklets,PC,"1,724","1,724","2,099","2,099","2,099",,,RZGG,RIOZ,OXGG,
ANK04-11,1499,"1,499",Kids Nazariya Ball Anklets,PC,"1,724","1,724","2,099","2,099","2,099",,,RZGG,RIOZ,OXGG,
ANK04-12,1499,"1,499",Kids Nazariya Ball Anklets,PC,"1,724","1,724","2,099","2,099","2,099",,,RZGG,RIOZ,OXGG,
ANK04-13,1499,"1,499",Kids Nazariya Ball Anklets,PC,"1,724","1,724","2,099","2,099","2,099",,,RZGG,RIOZ,OXGG,
ANK04-14,1499,"1,499",Kids Nazariya Ball Anklets,PC,"1,724","1,724","2,099","2,099","2,099",,,RZGG,RIOZ,OXGG,
ANK04-15,1499,"1,499",Kids Nazariya Ball Anklets,PC,"1,724","1,724","2,099","2,099","2,099",,,RZGG,RIOZ,OXGG,
ANK04-16,1499,"1,499",Kids Nazariya Ball Anklets,PC,"1,724","1,724","2,099","2,099","2,099",,,RZGG,RIOZ,OXGG,
ANK04-17,1499,"1,499",Kids Nazariya Ball Anklets,PC,"1,724","1,724","2,099","2,099","2,099",,,RZGG,RIOZ,OXGG,
ANK04-18,1499,"1,499",Kids Nazariya Ball Anklets,PC,"1,724","1,724","2,099","2,099","2,099",,,RZGG,RIOZ,OXGG,
ANK04-19,1499,"1,499",Kids Nazariya Ball Anklets,PC,"1,724","1,724","2,099","2,099","2,099",,,RZGG,RIOZ,OXGG,
ANK04-20,1499,"1,499",Kids Nazariya Ball Anklets,PC,"1,724","1,724","2,099","2,099","2,099",,,RZGG,RIOZ,OXGG,
ANK04-21,1499,"1,499",Kids Nazariya Ball Anklets,PC,"1,724","1,724","2,099","2,099","2,099",,,RZGG,RIOZ,OXGG,
ANK04-22,1499,"1,499",Kids Nazariya Ball Anklets,PC,"1,724","1,724","2,099","2,099","2,099",,,RZGG,RIOZ,OXGG,
ANK04-23,1499,"1,499",Kids Nazariya Ball Anklets,PC,"1,724","1,724","2,099","2,099","2,099",,,RZGG,RIOZ,OXGG,
ANK05-01,85,330,Italian Kada & Payal Combo,31.60,135,380,217,462,"14,599",,,NB,RAB,ORI,
ANK05-02,85,330,Italian Kada & Payal Combo,33.70,135,380,217,462,"15,569",,,NB,RAB,ORI,
ANK05-03,85,330,Italian Kada & Payal Combo,32.70,135,380,217,462,"15,107",,,NB,RAB,ORI,
ANK05-04,85,330,Italian Kada & Payal Combo,33.55,135,380,217,462,"15,500",,,NB,RAB,ORI,
ANK05-05,85,330,Italian Kada & Payal Combo,32.00,135,380,217,462,"14,784",,,NB,RAB,ORI,
ANK05-06,85,330,Italian Kada & Payal Combo,33.00,135,380,217,462,"15,246",,,NB,RAB,ORI,
ANK05-07,85,330,Italian Kada & Payal Combo,33.50,135,380,217,462,"15,477",,,NB,RAB,ORI,
ANK05-08,85,330,Italian Kada & Payal Combo,33.95,135,380,217,462,"15,685",,,NB,RAB,ORI,
ANK05-09,85,330,Italian Kada & Payal Combo,34.92,135,380,217,462,"16,133",,,NB,RAB,ORI,
ANK05-10,85,330,Italian Kada & Payal Combo,33.15,135,380,217,462,"15,315",,,NB,RAB,ORI,
ANK05-11,85,330,Italian Kada & Payal Combo,33.60,135,380,217,462,"15,523",,,NB,RAB,ORI,
ANK06-01,0,245,Adults Nazariya Beads Anklets,9.20,37,282,98,343,"3,156",,,X,AI,GN,
ANK06-02,0,245,Adults Nazariya Beads Anklets,9.00,37,282,98,343,"3,087",,,X,AI,GN,
ANK06-03,0,245,Adults Nazariya Beads Anklets,7.00,37,282,98,343,"2,401",,,X,AI,GN,
ANK06-04,0,245,Adults Nazariya Beads Anklets,11.00,37,282,98,343,"3,773",,,X,AI,GN,
ANK06-05,0,245,Adults Nazariya Beads Anklets,11.70,37,282,98,343,"4,013",,,X,AI,GN,
ANK07-02,210,455,Elegant Evil-Eye Anklets,5.00,278,523,392,637,"3,185",,,ORX,OIN,AGO,
ANK08-01,110,355,Solitaire Charms - Ball Anklets,7.68,163,408,252,497,"3,817",,,RRX,RLA,OBO,
ANK08-02,110,355,Solitaire Charms - Ball Anklets,7.15,163,408,252,497,"3,554",,,RRX,RLA,OBO,
ANK08-03,110,355,Solitaire Charms - Ball Anklets,7.30,163,408,252,497,"3,628",,,RRX,RLA,OBO,
ANK08-04,110,355,Solitaire Charms - Ball Anklets,7.56,163,408,252,497,"3,757",,,RRX,RLA,OBO,
ANK08-05,110,355,Solitaire Charms - Ball Anklets,7.70,163,408,252,497,"3,827",,,RRX,RLA,OBO,
ANK08-06,110,355,Solitaire Charms - Ball Anklets,7.10,163,408,252,497,"3,529",,,RRX,RLA,OBO,
ANK08-07,110,355,Solitaire Charms - Ball Anklets,7.30,163,408,252,497,"3,628",,,RRX,RLA,OBO,
ANK08-08,110,355,Solitaire Charms - Ball Anklets,7.80,163,408,252,497,"3,877",,,RRX,RLA,OBO,
ANK08-09,110,355,Solitaire Charms - Ball Anklets,7.20,163,408,252,497,"3,578",,,RRX,RLA,OBO,
ANK08-10,110,355,Solitaire Charms - Ball Anklets,7.45,163,408,252,497,"3,703",,,RRX,RLA,OBO,
ANK08-11,110,355,Solitaire Charms - Ball Anklets,7.35,163,408,252,497,"3,653",,,RRX,RLA,OBO,
ANK08-12,110,355,Solitaire Charms - Ball Anklets,7.25,163,408,252,497,"3,603",,,RRX,RLA,OBO,
ANK08-13,110,355,Solitaire Charms - Ball Anklets,7.40,163,408,252,497,"3,678",,,RRX,RLA,OBO,
ANK08-14,110,355,Solitaire Charms - Ball Anklets,7.35,163,408,252,497,"3,653",,,RRX,RLA,OBO,
ANK08-15,110,355,Solitaire Charms - Ball Anklets,7.50,163,408,252,497,"3,728",,,RRX,RLA,OBO,
ANK08-16,110,355,Solitaire Charms - Ball Anklets,7.65,163,408,252,497,"3,802",,,RRX,RLA,OBO,
ANK08-17,110,355,Solitaire Charms - Ball Anklets,7.55,163,408,252,497,"3,752",,,RRX,RLA,OBO,
ANK08-18,110,355,Solitaire Charms - Ball Anklets,6.90,163,408,252,497,"3,429",,,RRX,RLA,OBO,
ANK08-19,110,355,Solitaire Charms - Ball Anklets,7.45,163,408,252,497,"3,703",,,RRX,RLA,OBO,
ANK09-01,-25,220,Cutting Pyrite Anklets,8.00,8,253,63,308,"2,464",,,-OB,N,LA,
ANK10-01,100,345,Infinity Glam CZ Anklets,7.25,152,397,238,483,"3,502",,,RXX,RBO,OAN,
ANK10-02,100,345,Infinity Glam CZ Anklets,5.85,152,397,238,483,"2,826",,,RXX,RBO,OAN,
ANK11-01,55,300,Rhodium Flat Anklets,12.30,100,345,175,420,"5,166",,,BB,RXX,RIB,
ANK12-01,90,335,Rhodium Tennis Anklets,13.20,140,385,224,469,"6,191",,,GX,RZX,OOZ,
ANK12-02,90,335,Rhodium Tennis Anklets,18.80,140,385,224,469,"8,817",,,GX,RZX,OOZ,
ANK13-01,175,420,Rose Gold CNC Crystal Anklets,6.65,238,483,343,588,"3,910",,,RIB,OAN,AZA,
ANK13-02,175,420,Rose Gold CNC Crystal Anklets,7.20,238,483,343,588,"4,234",,,RIB,OAN,AZA,
ANK13-03,175,420,Rose Gold CNC Crystal Anklets,5.45,238,483,343,588,"3,205",,,RIB,OAN,AZA,
ANK13-04,175,420,Rose Gold CNC Crystal Anklets,6.95,238,483,343,588,"4,087",,,RIB,OAN,AZA,
ANK13-05,175,420,Rose Gold CNC Crystal Anklets,7.75,238,483,343,588,"4,557",,,RIB,OAN,AZA,
ANK13-06,175,420,Rose Gold CNC Crystal Anklets,10.06,238,483,343,588,"5,915",,,RIB,OAN,AZA,
ANK13-07,175,420,Rose Gold CNC Crystal Anklets,10.06,238,483,343,588,"5,915",,,RIB,OAN,AZA,
ANK13-08,175,420,Rose Gold CNC Crystal Anklets,5.80,238,483,343,588,"3,410",,,RIB,OAN,AZA,
ANK13-09,175,420,Rose Gold CNC Crystal Anklets,5.05,238,483,343,588,"2,969",,,RIB,OAN,AZA,
ANK14-01,60,305,Enamel Fancy Anklets,14.80,106,351,182,427,"6,320",,,LX,RXL,RNO,
ANK14-02,60,305,Enamel Fancy Anklets,10.60,106,351,182,427,"4,526",,,LX,RXL,RNO,
ANK14-03,60,305,Enamel Fancy Anklets,12.70,106,351,182,427,"5,423",,,LX,RXL,RNO,
ANK15-01,60,305,Baby Enamel Anklets,12.00,106,351,182,427,"5,124",,,LX,RXL,RNO,
ANK15-02,60,305,Baby Enamel Anklets,11.00,106,351,182,427,"4,697",,,LX,RXL,RNO,
ANK15-04,60,305,Baby Enamel Anklets,9.50,106,351,182,427,"4,057",,,LX,RXL,RNO,
ANK15-06,60,305,Baby Enamel Anklets,12.10,106,351,182,427,"5,167",,,LX,RXL,RNO,
ANK15-07,60,305,Baby Enamel Anklets,10.70,106,351,182,427,"4,569",,,LX,RXL,RNO,
ANK15-08,60,305,Baby Enamel Anklets,11.00,106,351,182,427,"4,697",,,LX,RXL,RNO,
ANK15-09,60,305,Baby Enamel Anklets,13.90,106,351,182,427,"5,935",,,LX,RXL,RNO,
ANK16-01,140,385,RoseGold Charms Anklets,8.80,198,443,294,539,"4,743",,,RZX,RGN,OGZ,
ANK17-01,175,420,Italian CNC Ball Premium Anklets,11.00,238,483,343,588,"6,468",,,RIB,OAN,AZA,
ANK17-03,175,420,Italian CNC Ball Premium Anklets,9.60,238,483,343,588,"5,645",,,RIB,OAN,AZA,
ANK18-01,130,375,Dual Layer Italian Anklets,13.87,186,431,280,525,"7,282",,,RAX,RNL,ONX,
ANK18-02,130,375,Dual Layer Italian Anklets,10.85,186,431,280,525,"5,696",,,RAX,RNL,ONX,
ANK19-01,105,350,High Polish Regular Anklets,5.50,158,403,245,490,"2,695",,,RXB,RBN,OZB,
ANK19-02,105,350,High Polish Regular Anklets,11.30,158,403,245,490,"5,537",,,RXB,RBN,OZB,
ANK19-03,105,350,High Polish Regular Anklets,11.70,158,403,245,490,"5,733",,,RXB,RBN,OZB,
ANK19-04,105,350,High Polish Regular Anklets,7.50,158,403,245,490,"3,675",,,RXB,RBN,OZB,
ANK20-01,115,360,Fancy DailyWear Anklets,6.00,169,414,259,504,"3,024",,,RRB,RLG,OBG,
ANK20-02,115,360,Fancy DailyWear Anklets,5.45,169,414,259,504,"2,747",,,RRB,RLG,OBG,
ANK20-03,115,360,Fancy DailyWear Anklets,4.95,169,414,259,504,"2,495",,,RRB,RLG,OBG,
ANK21-01,160,405,Italy Bunch 3-Tone Anklets,9.30,221,466,322,567,"5,273",,,RLX,OOR,AOO,
ANK22-01,195,440,Italy Flat Anklets - Premium,7.45,261,506,371,616,"4,589",,,RGB,OLR,AIR,
ANK22-02,195,440,Italy Flat Anklets - Premium,14.90,261,506,371,616,"9,178",,,RGB,OLR,AIR,
ANK22-03,195,440,Italy Flat Anklets - Premium,15.40,261,506,371,616,"9,486",,,RGB,OLR,AIR,
ANK23-01,25,270,OXI Daily Wear Anklets,14.80,66,311,133,378,"5,594",,,OB,LL,RAA,
ANK23-03,25,270,OXI Daily Wear Anklets,18.60,66,311,133,378,"7,031",,,OB,LL,RAA,
ANK23-05,25,270,OXI Daily Wear Anklets,18.30,66,311,133,378,"6,917",,,OB,LL,RAA,
ANK23-06,25,270,OXI Daily Wear Anklets,22.50,66,311,133,378,"8,505",,,OB,LL,RAA,
ANK23-07,25,270,OXI Daily Wear Anklets,17.40,66,311,133,378,"6,577",,,OB,LL,RAA,
ANK23-08,25,270,OXI Daily Wear Anklets,19.25,66,311,133,378,"7,277",,,OB,LL,RAA,
ANK23-09,25,270,OXI Daily Wear Anklets,9.25,66,311,133,378,"3,497",,,OB,LL,RAA,
ANK23-11,25,270,OXI Daily Wear Anklets,13.50,66,311,133,378,"5,103",,,OB,LL,RAA,
BRC02-01,0,245,Baby Nazariya Beads Bracelet,6.00,37,282,98,343,"2,058",,,X,AI,GN,
BRC03-01,1600,"1,600",Vibrance Adjustable Bracelets,PC,"1,840","1,840","2,240","2,240","2,240",,,RLXX,RNZX,OOZX,
BRC03-02,1600,"1,600",Vibrance Adjustable Bracelets,PC,"1,840","1,840","2,240","2,240","2,240",,,RLXX,RNZX,OOZX,
BRC03-03,1600,"1,600",Vibrance Adjustable Bracelets,PC,"1,840","1,840","2,240","2,240","2,240",,,RLXX,RNZX,OOZX,
BRC03-04,1600,"1,600",Vibrance Adjustable Bracelets,PC,"1,840","1,840","2,240","2,240","2,240",,,RLXX,RNZX,OOZX,
BRC03-05,1600,"1,600",Vibrance Adjustable Bracelets,PC,"1,840","1,840","2,240","2,240","2,240",,,RLXX,RNZX,OOZX,
BRC04-01,255,500,Italy Omega PR. Mesh Bracelet,5.60,330,575,455,700,"3,920",,,OBB,AAX,ZBB,
BRC04-02,255,500,Italy Omega PR. Mesh Bracelet,4.30,330,575,455,700,"3,010",,,OBB,AAX,ZBB,
BRC04-03,255,500,Italy Omega PR. Mesh Bracelet,5.30,330,575,455,700,"3,710",,,OBB,AAX,ZBB,
BRC04-04,255,500,Italy Omega PR. Mesh Bracelet,5.45,330,575,455,700,"3,815",,,OBB,AAX,ZBB,
BRC06-01,85,330,Matte Bloom Adjustable Bracelet,5.50,135,380,217,462,"2,541",,,NB,RAB,ORI,
BRC06-02,85,330,Matte Bloom Adjustable Bracelet,6.60,135,380,217,462,"3,049",,,NB,RAB,ORI,
BRC06-03,85,330,Matte Bloom Adjustable Bracelet,5.60,135,380,217,462,"2,587",,,NB,RAB,ORI,
BRC06-04,85,330,Matte Bloom Adjustable Bracelet,6.05,135,380,217,462,"2,795",,,NB,RAB,ORI,
BRC06-05,85,330,Matte Bloom Adjustable Bracelet,6.10,135,380,217,462,"2,818",,,NB,RAB,ORI,
BRC06-06,85,330,Matte Bloom Adjustable Bracelet,6.00,135,380,217,462,"2,772",,,NB,RAB,ORI,
BRC07-01,70,315,Rhodium Radiance Fancy Bracelet,13.10,117,362,196,441,"5,777",,,IX,RRI,RGL,
BRC07-02,70,315,Rhodium Radiance Fancy Bracelet,12.75,117,362,196,441,"5,623",,,IX,RRI,RGL,
BRC07-03,70,315,Rhodium Radiance Fancy Bracelet,13.30,117,362,196,441,"5,865",,,IX,RRI,RGL,
BRC07-04,70,315,Rhodium Radiance Fancy Bracelet,12.80,117,362,196,441,"5,645",,,IX,RRI,RGL,
BRC07-05,70,315,Rhodium Radiance Fancy Bracelet,14.40,117,362,196,441,"6,350",,,IX,RRI,RGL,
BRC07-06,70,315,Rhodium Radiance Fancy Bracelet,12.45,117,362,196,441,"5,490",,,IX,RRI,RGL,
BRC08-03,1900,"1,900",Rolex-Inspired Flex Bracelet,PC,"2,185","2,185","2,660","2,660","2,660",,,RGXX,ORNB,OLLX,
BRC08-05,1900,"1,900",Rolex-Inspired Flex Bracelet,PC,"2,185","2,185","2,660","2,660","2,660",,,RGXX,ORNB,OLLX,
BRC08-06,1900,"1,900",Rolex-Inspired Flex Bracelet,PC,"2,185","2,185","2,660","2,660","2,660",,,RGXX,ORNB,OLLX,
BRC08-09,1900,"1,900",Rolex-Inspired Flex Bracelet,PC,"2,185","2,185","2,660","2,660","2,660",,,RGXX,ORNB,OLLX,
BRC08-12,1900,"1,900",Rolex-Inspired Flex Bracelet,PC,"2,185","2,185","2,660","2,660","2,660",,,RGXX,ORNB,OLLX,
BRC08-13,2700,"2,700",Rolex-Inspired Flex Bracelet,PC,"3,105","3,105","3,780","3,780","3,780",,,OIXX,ARXB,AINX,
BRC09-01,250,495,Italy Omega Magnet Bracelet,11.75,324,569,448,693,"8,143",,,OBX,AOZ,ZZN,
BRC09-02,250,495,Italy Omega Magnet Bracelet,5.85,324,569,448,693,"4,054",,,OBX,AOZ,ZZN,
BRC10-02,85,330,Flexi Tennis Bracelet,6.75,135,380,217,462,"3,119",,,NB,RAB,ORI,
BRC11-01,1250,"1,250",Turkish Silicone Bracelet,PC,"1,438","1,438","1,750","1,750","1,750",,,ROBX,RZAN,RIBX,
BRC11-02,1250,"1,250",Turkish Silicone Bracelet,PC,"1,438","1,438","1,750","1,750","1,750",,,ROBX,RZAN,RIBX,
BRC11-03,1250,"1,250",Turkish Silicone Bracelet,PC,"1,438","1,438","1,750","1,750","1,750",,,ROBX,RZAN,RIBX,
BRC11-04,1250,"1,250",Turkish Silicone Bracelet,PC,"1,438","1,438","1,750","1,750","1,750",,,ROBX,RZAN,RIBX,
BRC11-05,1250,"1,250",Turkish Silicone Bracelet,PC,"1,438","1,438","1,750","1,750","1,750",,,ROBX,RZAN,RIBX,
BRC11-06,1250,"1,250",Turkish Silicone Bracelet,PC,"1,438","1,438","1,750","1,750","1,750",,,ROBX,RZAN,RIBX,
BRC11-07,1250,"1,250",Turkish Silicone Bracelet,PC,"1,438","1,438","1,750","1,750","1,750",,,ROBX,RZAN,RIBX,
BRC11-08,1250,"1,250",Turkish Silicone Bracelet,PC,"1,438","1,438","1,750","1,750","1,750",,,ROBX,RZAN,RIBX,
BRC11-09,1250,"1,250",Turkish Silicone Bracelet,PC,"1,438","1,438","1,750","1,750","1,750",,,ROBX,RZAN,RIBX,
BRC12-01,85,330,Bi-Tone CZ Prestige Bracelet,11.00,135,380,217,462,"5,082",,,NB,RAB,ORI,
BRC12-02,85,330,Bi-Tone CZ Prestige Bracelet,10.80,135,380,217,462,"4,990",,,NB,RAB,ORI,
BRC12-04,85,330,Bi-Tone CZ Prestige Bracelet,12.90,135,380,217,462,"5,960",,,NB,RAB,ORI,
BRC12-05,85,330,Bi-Tone CZ Prestige Bracelet,9.00,135,380,217,462,"4,158",,,NB,RAB,ORI,
BRC13-01,3000,"3,000",Magnetic Strap Bracelet,PC,"3,450","3,450","4,200","4,200","4,200",,,AXXX,AZBX,ZOXX,
BRC13-02,3000,"3,000",Magnetic Strap Bracelet,PC,"3,450","3,450","4,200","4,200","4,200",,,AXXX,AZBX,ZOXX,
BRC13-03,3000,"3,000",Magnetic Strap Bracelet,PC,"3,450","3,450","4,200","4,200","4,200",,,AXXX,AZBX,ZOXX,
BRC13-04,3000,"3,000",Magnetic Strap Bracelet,PC,"3,450","3,450","4,200","4,200","4,200",,,AXXX,AZBX,ZOXX,
BRC13-05,3000,"3,000",Magnetic Strap Bracelet,PC,"3,450","3,450","4,200","4,200","4,200",,,AXXX,AZBX,ZOXX,
BRC13-07,3000,"3,000",Magnetic Strap Bracelet,PC,"3,450","3,450","4,200","4,200","4,200",,,AXXX,AZBX,ZOXX,
BRC13-09,3000,"3,000",Magnetic Strap Bracelet,PC,"3,450","3,450","4,200","4,200","4,200",,,AXXX,AZBX,ZOXX,
BRC13-11,3000,"3,000",Magnetic Strap Bracelet,PC,"3,450","3,450","4,200","4,200","4,200",,,AXXX,AZBX,ZOXX,
BRC13-12,3000,"3,000",Magnetic Strap Bracelet,PC,"3,450","3,450","4,200","4,200","4,200",,,AXXX,AZBX,ZOXX,
BRC13-13,3000,"3,000",Magnetic Strap Bracelet,PC,"3,450","3,450","4,200","4,200","4,200",,,AXXX,AZBX,ZOXX,
BRC13-14,3000,"3,000",Magnetic Strap Bracelet,PC,"3,450","3,450","4,200","4,200","4,200",,,AXXX,AZBX,ZOXX,
BRC13-15,3000,"3,000",Magnetic Strap Bracelet,PC,"3,450","3,450","4,200","4,200","4,200",,,AXXX,AZBX,ZOXX,
BRC13-17,3000,"3,000",Magnetic Strap Bracelet,PC,"3,450","3,450","4,200","4,200","4,200",,,AXXX,AZBX,ZOXX,
BRC13-18,3000,"3,000",Magnetic Strap Bracelet,PC,"3,450","3,450","4,200","4,200","4,200",,,AXXX,AZBX,ZOXX,
BRC13-19,3000,"3,000",Magnetic Strap Bracelet,PC,"3,450","3,450","4,200","4,200","4,200",,,AXXX,AZBX,ZOXX,
BRC13-20,3000,"3,000",Magnetic Strap Bracelet,PC,"3,450","3,450","4,200","4,200","4,200",,,AXXX,AZBX,ZOXX,
BRC13-21,3000,"3,000",Magnetic Strap Bracelet,PC,"3,450","3,450","4,200","4,200","4,200",,,AXXX,AZBX,ZOXX,
BRC14-01,110,355,Men’s Exclusive Bracelets,42.75,163,408,252,497,"21,247",,,RRX,RLA,OBO,
BRC14-03,110,355,Men’s Exclusive Bracelets,49.00,163,408,252,497,"24,353",,,RRX,RLA,OBO,
BRC15-01,350,595,Omega Imported Bow Bracelet,4.75,439,684,588,833,"3,957",,,ABX,ZAG,BNN,
BRC16-01,110,355,Italian Cuban Bracelets,20.85,163,408,252,497,"10,362",,,RRX,RLA,OBO,
BRC17-01,220,465,Elegant RG Pearl Bracelet,3.80,290,535,406,651,"2,474",,,OOX,OGX,ZXL,
BRC18-01,135,380,INDO Matte Bracelet - Men's,14.90,192,437,287,532,"7,927",,,RAB,RGO,ONI,
BRC18-03,135,380,INDO Matte Bracelet - Men's,26.50,192,437,287,532,"14,098",,,RAB,RGO,ONI,
BRC18-05,135,380,INDO Matte Bracelet - Men's,24.95,192,437,287,532,"13,273",,,RAB,RGO,ONI,
BRC19-01,4999,"4,999",Omega 3-Tone Twisted Bracelet,PC,"5,749","5,749","6,999","6,999","6,999",,,ZGGG,BIZG,LGGG,
BRC20-01,170,415,Rose Gold Italy CNC Bracelet,7.35,232,477,336,581,"4,270",,,RIX,OAO,AAL,
BRC21-01,105,350,Tennis Adjustable Bracelets,4.15,158,403,245,490,"2,034",,,RXB,RBN,OZB,
BRC21-03,105,350,Tennis Adjustable Bracelets,11.86,158,403,245,490,"5,811",,,RXB,RBN,OZB,
BRC22-01,125,370,Turkey Matte Premium Bracelets,22.80,181,426,273,518,"11,810",,,ROB,RNR,OIA,
BRC22-02,125,370,Turkey Matte Premium Bracelets,23.90,181,426,273,518,"12,380",,,ROB,RNR,OIA,
BRC22-03,125,370,Turkey Matte Premium Bracelets,16.50,181,426,273,518,"8,547",,,ROB,RNR,OIA,
BRC22-04,125,370,Turkey Matte Premium Bracelets,13.15,181,426,273,518,"6,812",,,ROB,RNR,OIA,
BRC22-05,125,370,Turkey Matte Premium Bracelets,26.30,181,426,273,518,"13,623",,,ROB,RNR,OIA,
BRC22-06,125,370,Turkey Matte Premium Bracelets,50.60,181,426,273,518,"26,211",,,ROB,RNR,OIA,
BRC22-07,125,370,Turkey Matte Premium Bracelets,9.00,181,426,273,518,"4,662",,,ROB,RNR,OIA,
BRC22-08,125,370,Turkey Matte Premium Bracelets,7.00,181,426,273,518,"3,626",,,ROB,RNR,OIA,
BRC23-01,180,425,Imported Italian Bunch Bracelets,4.40,244,489,350,595,"2,618",,,RNX,OZZ,ABX,
BRC23-02,180,425,Imported Italian Bunch Bracelets,4.20,244,489,350,595,"2,499",,,RNX,OZZ,ABX,
BRC23-03,180,425,Imported Italian Bunch Bracelets,4.80,244,489,350,595,"2,856",,,RNX,OZZ,ABX,
BRC23-04,180,425,Imported Italian Bunch Bracelets,3.75,244,489,350,595,"2,231",,,RNX,OZZ,ABX,
BRC23-05,180,425,Imported Italian Bunch Bracelets,3.65,244,489,350,595,"2,172",,,RNX,OZZ,ABX,
BRC23-07,180,425,Imported Italian Bunch Bracelets,4.25,244,489,350,595,"2,529",,,RNX,OZZ,ABX,
BRC23-08,180,425,Imported Italian Bunch Bracelets,3.50,244,489,350,595,"2,083",,,RNX,OZZ,ABX,
BRC23-09,180,425,Imported Italian Bunch Bracelets,4.10,244,489,350,595,"2,440",,,RNX,OZZ,ABX,
BRC23-10,180,425,Imported Italian Bunch Bracelets,3.90,244,489,350,595,"2,321",,,RNX,OZZ,ABX,
BRC23-11,180,425,Imported Italian Bunch Bracelets,4.05,244,489,350,595,"2,410",,,RNX,OZZ,ABX,
BRC23-12,180,425,Imported Italian Bunch Bracelets,4.38,244,489,350,595,"2,603",,,RNX,OZZ,ABX,
BRC23-13,180,425,Imported Italian Bunch Bracelets,4.30,244,489,350,595,"2,559",,,RNX,OZZ,ABX,
BRC23-14,180,425,Imported Italian Bunch Bracelets,3.40,244,489,350,595,"2,023",,,RNX,OZZ,ABX,
BRC23-15,180,425,Imported Italian Bunch Bracelets,4.70,244,489,350,595,"2,797",,,RNX,OZZ,ABX,
BRC23-16,180,425,Imported Italian Bunch Bracelets,3.40,244,489,350,595,"2,023",,,RNX,OZZ,ABX,
BRC23-17,180,425,Imported Italian Bunch Bracelets,4.15,244,489,350,595,"2,469",,,RNX,OZZ,ABX,
BRC23-18,180,425,Imported Italian Bunch Bracelets,3.95,244,489,350,595,"2,350",,,RNX,OZZ,ABX,
BRC23-19,180,425,Imported Italian Bunch Bracelets,3.95,244,489,350,595,"2,350",,,RNX,OZZ,ABX,
BRC23-20,180,425,Imported Italian Bunch Bracelets,4.30,244,489,350,595,"2,559",,,RNX,OZZ,ABX,
BRC23-21,180,425,Imported Italian Bunch Bracelets,3.70,244,489,350,595,"2,202",,,RNX,OZZ,ABX,
BRC23-22,180,425,Imported Italian Bunch Bracelets,3.90,244,489,350,595,"2,321",,,RNX,OZZ,ABX,
BRC23-23,180,425,Imported Italian Bunch Bracelets,4.10,244,489,350,595,"2,440",,,RNX,OZZ,ABX,
BRC23-24,180,425,Imported Italian Bunch Bracelets,3.50,244,489,350,595,"2,083",,,RNX,OZZ,ABX,
BRC23-25,180,425,Imported Italian Bunch Bracelets,2.10,244,489,350,595,"1,250",,,RNX,OZZ,ABX,
BRC23-26,180,425,Imported Italian Bunch Bracelets,3.50,244,489,350,595,"2,083",,,RNX,OZZ,ABX,
BRC23-27,180,425,Imported Italian Bunch Bracelets,4.35,244,489,350,595,"2,588",,,RNX,OZZ,ABX,
BRC23-28,180,425,Imported Italian Bunch Bracelets,4.33,244,489,350,595,"2,575",,,RNX,OZZ,ABX,
BRC24-01,70,315,Baby Charms Bracelets,4.85,117,362,196,441,"2,139",,,IX,RRI,RGL,
BRC24-02,70,315,Baby Charms Bracelets,5.75,117,362,196,441,"2,536",,,IX,RRI,RGL,
BRC24-03,70,315,Baby Charms Bracelets,6.20,117,362,196,441,"2,734",,,IX,RRI,RGL,
BRC24-04,70,315,Baby Charms Bracelets,3.95,117,362,196,441,"1,742",,,IX,RRI,RGL,
BRC24-05,70,315,Baby Charms Bracelets,5.20,117,362,196,441,"2,293",,,IX,RRI,RGL,
BRC25-01,255,500,Elegant RG Imported Bracelet,2.40,330,575,455,700,"1,680",,,OBB,AAX,ZBB,
BRC26-01,255,500,Elegant RG Solitaire Bracelet,4.75,330,575,455,700,"3,325",,,OBB,AAX,ZBB,
BRC28-01,85,330,Swarovski Crystal Bracelets,3.80,135,380,217,462,"1,756",,,NB,RAB,ORI,
BRC28-02,85,330,Swarovski Crystal Bracelets,5.35,135,380,217,462,"2,472",,,NB,RAB,ORI,
BRC28-03,85,330,Swarovski Crystal Bracelets,3.80,135,380,217,462,"1,756",,,NB,RAB,ORI,
BRC28-04,85,330,Swarovski Crystal Bracelets,5.35,135,380,217,462,"2,472",,,NB,RAB,ORI,
BRC29-01,255,500,Imported Solitaire Evil+Eye Bracelet,6.10,330,575,455,700,"4,270",,,OBB,AAX,ZBB,
BRC30-01,150,395,Fancy Bracelet Collection,6.30,209,454,308,553,"3,484",,,RBX,OXG,AXN,
BRC30-02,150,395,Fancy Bracelet Collection,3.40,209,454,308,553,"1,880",,,RBX,OXG,AXN,
BRC30-05,150,395,Fancy Bracelet Collection,4.30,209,454,308,553,"2,378",,,RBX,OXG,AXN,
BRC30-06,150,395,Fancy Bracelet Collection,5.55,209,454,308,553,"3,069",,,RBX,OXG,AXN,
BRC32-01,130,375,Tennis Infinity Bracelet,4.30,186,431,280,525,"2,258",,,RAX,RNL,ONX,
BRC33-01,255,500,Colour Enamel Floral Bracelet,5.18,330,575,455,700,"3,623",,,OBB,AAX,ZBB,
BRC34-01,255,500,Elegant RG Charms Imported Bracelet,2.65,330,575,455,700,"1,855",,,OBB,AAX,ZBB,
BRC35-01,150,395,Infinity + EyilEye Bracelet,5.25,209,454,308,553,"2,903",,,RBX,OXG,AXN,
BRC36-01,110,355,Tennis Charms Adjustable Bracelet,4.70,163,408,252,497,"2,336",,,RRX,RLA,OBO,
BRC37-01,145,390,Men's - Oxidized Imported Bracelet,17.85,204,449,301,546,"9,746",,,RZB,OXZ,AXR,
BRC37-02,145,390,Men's - Oxidized Imported Bracelet,15.40,204,449,301,546,"8,408",,,RZB,OXZ,AXR,
BRC37-03,145,390,Men's - Oxidized Imported Bracelet,10.10,204,449,301,546,"5,515",,,RZB,OXZ,AXR,
C+L02-02,170,415,Bling Fusion Chain & Locket Set,4.00,232,477,336,581,"2,324",,,RIX,OAO,AAL,
C+L02-04,170,415,Bling Fusion Chain & Locket Set,3.65,232,477,336,581,"2,121",,,RIX,OAO,AAL,
C+L02-05,170,415,Bling Fusion Chain & Locket Set,3.25,232,477,336,581,"1,888",,,RIX,OAO,AAL,
C+L02-06,170,415,Bling Fusion Chain & Locket Set,4.25,232,477,336,581,"2,469",,,RIX,OAO,AAL,
C+L02-08,170,415,Bling Fusion Chain & Locket Set,3.85,232,477,336,581,"2,237",,,RIX,OAO,AAL,
C+L02-10,170,415,Bling Fusion Chain & Locket Set,3.75,232,477,336,581,"2,179",,,RIX,OAO,AAL,
C+L02-12,170,415,Bling Fusion Chain & Locket Set,3.75,232,477,336,581,"2,179",,,RIX,OAO,AAL,
C+L02-14,170,415,Bling Fusion Chain & Locket Set,3.90,232,477,336,581,"2,266",,,RIX,OAO,AAL,
C+L02-15,170,415,Bling Fusion Chain & Locket Set,3.55,232,477,336,581,"2,063",,,RIX,OAO,AAL,
C+L02-16,170,415,Bling Fusion Chain & Locket Set,3.80,232,477,336,581,"2,208",,,RIX,OAO,AAL,
C+L02-18,170,415,Bling Fusion Chain & Locket Set,4.00,232,477,336,581,"2,324",,,RIX,OAO,AAL,
C+L02-21,170,415,Bling Fusion Chain & Locket Set,3.90,232,477,336,581,"2,266",,,RIX,OAO,AAL,
C+L02-23,170,415,Bling Fusion Chain & Locket Set,3.40,232,477,336,581,"1,975",,,RIX,OAO,AAL,
C+L02-24,170,415,Bling Fusion Chain & Locket Set,4.00,232,477,336,581,"2,324",,,RIX,OAO,AAL,
C+L02-25,170,415,Bling Fusion Chain & Locket Set,3.65,232,477,336,581,"2,121",,,RIX,OAO,AAL,
C+L02-27,170,415,Bling Fusion Chain & Locket Set,4.45,232,477,336,581,"2,585",,,RIX,OAO,AAL,
C+L02-28,170,415,Bling Fusion Chain & Locket Set,4.00,232,477,336,581,"2,324",,,RIX,OAO,AAL,
C+L02-30,170,415,Bling Fusion Chain & Locket Set,3.85,232,477,336,581,"2,237",,,RIX,OAO,AAL,
C+L03-01,110,355,Seoul Locket & Chain Set,4.90,163,408,252,497,"2,435",,,RRX,RLA,OBO,
C+L03-04,110,355,Seoul Locket & Chain Set,5.95,163,408,252,497,"2,957",,,RRX,RLA,OBO,
C+L03-06,110,355,Seoul Locket & Chain Set,8.25,163,408,252,497,"4,100",,,RRX,RLA,OBO,
C+L03-08,110,355,Seoul Locket & Chain Set,7.85,163,408,252,497,"3,901",,,RRX,RLA,OBO,
C+L03-09,110,355,Seoul Locket & Chain Set,5.80,163,408,252,497,"2,883",,,RRX,RLA,OBO,
C+L03-13,110,355,Seoul Locket & Chain Set,4.80,163,408,252,497,"2,386",,,RRX,RLA,OBO,
C+L04-01,1800,"1,800",Valentine Gift Chain,PC,"2,070","2,070","2,520","2,520","2,520",,,RNXX,OXIX,OBOX,
C+L04-02,1800,"1,800",Valentine Gift Chain,PC,"2,070","2,070","2,520","2,520","2,520",,,RNXX,OXIX,OBOX,
C+L04-03,1800,"1,800",Valentine Gift Chain,PC,"2,070","2,070","2,520","2,520","2,520",,,RNXX,OXIX,OBOX,
C+L04-04,1800,"1,800",Valentine Gift Chain,PC,"2,070","2,070","2,520","2,520","2,520",,,RNXX,OXIX,OBOX,
C+L04-05,1800,"1,800",Valentine Gift Chain,PC,"2,070","2,070","2,520","2,520","2,520",,,RNXX,OXIX,OBOX,
C+L05-01,2300,"2,300",Gold-Plated Letter Chains,PC,"2,645","2,645","3,220","3,220","3,220",,,OAXX,OLZB,AOOX,
C+L06-01,105,350,Italian Chain with Gada Lockets,5.65,158,403,245,490,"2,769",,,RXB,RBN,OZB,
C+L06-02,105,350,Italian Chain with Gada Lockets,5.60,158,403,245,490,"2,744",,,RXB,RBN,OZB,
C+L06-03,105,350,Italian Chain with Gada Lockets,7.60,158,403,245,490,"3,724",,,RXB,RBN,OZB,
C+L06-04,105,350,Italian Chain with Gada Lockets,5.45,158,403,245,490,"2,671",,,RXB,RBN,OZB,
C+L06-06,105,350,Italian Chain with Gada Lockets,8.70,158,403,245,490,"4,263",,,RXB,RBN,OZB,
C+L06-07,105,350,Italian Chain with Gada Lockets,8.70,158,403,245,490,"4,263",,,RXB,RBN,OZB,
C+L06-09,105,350,Italian Chain with Gada Lockets,5.40,158,403,245,490,"2,646",,,RXB,RBN,OZB,
C+L06-11,105,350,Italian Chain with Gada Lockets,7.90,158,403,245,490,"3,871",,,RXB,RBN,OZB,
C+L06-13,105,350,Italian Chain with Gada Lockets,5.35,158,403,245,490,"2,622",,,RXB,RBN,OZB,
C+L06-14,105,350,Italian Chain with Gada Lockets,5.75,158,403,245,490,"2,818",,,RXB,RBN,OZB,
C+L06-16,105,350,Italian Chain with Gada Lockets,5.70,158,403,245,490,"2,793",,,RXB,RBN,OZB,
C+L07-01,1800,"1,800",MOP Jaguar Neck Chains,PC,"2,070","2,070","2,520","2,520","2,520",,,RNXX,OXIX,OBOX,
C+L07-02,1800,"1,800",MOP Jaguar Neck Chains,PC,"2,070","2,070","2,520","2,520","2,520",,,RNXX,OXIX,OBOX,
C+L08-01,1500,"1,500",Imported Kitty Neck Chains LW,PC,"1,725","1,725","2,100","2,100","2,100",,,RBXX,RIOB,ORXX,
C+L09-01,120,365,Swarovski Colour Stone V Chains,3.90,175,420,266,511,"1,993",,,ROX,RIB,OLL,
C+L09-02,120,365,Swarovski Colour Stone V Chains,3.90,175,420,266,511,"1,993",,,ROX,RIB,OLL,
C+L09-03,120,365,Swarovski Colour Stone V Chains,3.90,175,420,266,511,"1,993",,,ROX,RIB,OLL,
C+L09-04,120,365,Swarovski Colour Stone V Chains,3.90,175,420,266,511,"1,993",,,ROX,RIB,OLL,
C+L10-01,145,390,Premium Omega Hasli with Lockets,6.00,204,449,301,546,"3,276",,,RZB,OXZ,AXR,
C+L10-03,145,390,Premium Omega Hasli with Lockets,6.60,204,449,301,546,"3,604",,,RZB,OXZ,AXR,
C+L10-04,145,390,Premium Omega Hasli with Lockets,6.55,204,449,301,546,"3,576",,,RZB,OXZ,AXR,
C+L10-05,145,390,Premium Omega Hasli with Lockets,6.60,204,449,301,546,"3,604",,,RZB,OXZ,AXR,
C+L10-07,145,390,Premium Omega Hasli with Lockets,6.30,204,449,301,546,"3,440",,,RZB,OXZ,AXR,
C+L10-08,145,390,Premium Omega Hasli with Lockets,6.70,204,449,301,546,"3,658",,,RZB,OXZ,AXR,
C+L12-03,205,450,Eagle Locket with CNC Chain,8.80,273,518,385,630,"5,544",,,OXB,OIA,ANB,
C+L12-04,205,450,Eagle Locket with CNC Chain,7.80,273,518,385,630,"4,914",,,OXB,OIA,ANB,
C+L12-05,205,450,Eagle Locket with CNC Chain,6.80,273,518,385,630,"4,284",,,OXB,OIA,ANB,
C+L12-06,205,450,Eagle Locket with CNC Chain,7.70,273,518,385,630,"4,851",,,OXB,OIA,ANB,
C+L12-08,205,450,Eagle Locket with CNC Chain,9.70,273,518,385,630,"6,111",,,OXB,OIA,ANB,
C+L12-09,205,450,Eagle Locket with CNC Chain,7.70,273,518,385,630,"4,851",,,OXB,OIA,ANB,
C+L12-10,205,450,Eagle Locket with CNC Chain,4.10,273,518,385,630,"2,583",,,OXB,OIA,ANB,
C+L13-02,450,695,Divine Lockets with CNC Chain,18.60,554,799,728,973,"18,098",,,ZBX,BBZ,ION,
C+L13-04,450,695,Divine Lockets with CNC Chain,14.80,554,799,728,973,"14,400",,,ZBX,BBZ,ION,
C+L13-06,450,695,Divine Lockets with CNC Chain,12.60,554,799,728,973,"12,260",,,ZBX,BBZ,ION,
C+L13-07,450,695,Divine Lockets with CNC Chain,14.10,554,799,728,973,"13,719",,,ZBX,BBZ,ION,
C+L13-08,450,695,Divine Lockets with CNC Chain,14.50,554,799,728,973,"14,109",,,ZBX,BBZ,ION,
C+L13-12,450,695,Divine Lockets with CNC Chain,16.00,554,799,728,973,"15,568",,,ZBX,BBZ,ION,
C+L13-13,450,695,Divine Lockets with CNC Chain,15.50,554,799,728,973,"15,082",,,ZBX,BBZ,ION,
C+L13-14,450,695,Divine Lockets with CNC Chain,15.30,554,799,728,973,"14,887",,,ZBX,BBZ,ION,
C+L13-15,450,695,Divine Lockets with CNC Chain,16.70,554,799,728,973,"16,249",,,ZBX,BBZ,ION,
C+L13-16,450,695,Divine Lockets with CNC Chain,15.10,554,799,728,973,"14,692",,,ZBX,BBZ,ION,
C+L13-17,450,695,Divine Lockets with CNC Chain,16.50,554,799,728,973,"16,055",,,ZBX,BBZ,ION,
C+L13-18,450,695,Divine Lockets with CNC Chain,18.10,554,799,728,973,"17,611",,,ZBX,BBZ,ION,
C+L13-19,450,695,Divine Lockets with CNC Chain,18.20,554,799,728,973,"17,709",,,ZBX,BBZ,ION,
C+L13-20,450,695,Divine Lockets with CNC Chain,18.55,554,799,728,973,"18,049",,,ZBX,BBZ,ION,
C+L13-21,450,695,Divine Lockets with CNC Chain,18.05,554,799,728,973,"17,563",,,ZBX,BBZ,ION,
C+L13-22,450,695,Divine Lockets with CNC Chain,15.20,554,799,728,973,"14,790",,,ZBX,BBZ,ION,
C+L13-23,450,695,Divine Lockets with CNC Chain,16.20,554,799,728,973,"15,763",,,ZBX,BBZ,ION,
C+L13-24,450,695,Divine Lockets with CNC Chain,18.85,554,799,728,973,"18,341",,,ZBX,BBZ,ION,
C+L13-25,450,695,Divine Lockets with CNC Chain,18.38,554,799,728,973,"17,884",,,ZBX,BBZ,ION,
C+L13-26,450,695,Divine Lockets with CNC Chain,16.65,554,799,728,973,"16,200",,,ZBX,BBZ,ION,
C+L13-27,450,695,Divine Lockets with CNC Chain,14.20,554,799,728,973,"13,817",,,ZBX,BBZ,ION,
C+L13-28,450,695,Divine Lockets with CNC Chain,18.51,554,799,728,973,"18,010",,,ZBX,BBZ,ION,
C+L13-29,450,695,Divine Lockets with CNC Chain,18.80,554,799,728,973,"18,292",,,ZBX,BBZ,ION,
CHN02-01,175,420,Men's - Oxidized Imported Chains,49.75,238,483,343,588,"29,253",,,RIB,OAN,AZA,
CHN02-02,175,420,Men's - Oxidized Imported Chains,41.45,238,483,343,588,"24,373",,,RIB,OAN,AZA,
CHN02-03,175,420,Men's - Oxidized Imported Chains,48.15,238,483,343,588,"28,312",,,RIB,OAN,AZA,
CHN03-01,220,465,Men's - Dual Tone Imported Chains,30.25,290,535,406,651,"19,693",,,OOX,OGX,ZXL,
CHN03-02,220,465,Men's - Dual Tone Imported Chains,42.95,290,535,406,651,"27,960",,,OOX,OGX,ZXL,
CHN04-01,1600,"1,600",RoseGold Crystal Chain,PC,"1,840","1,840","2,240","2,240","2,240",,,RLXX,RNZX,OOZX,
CHN05-01,105,350,RoseGold Italian Chains,4.50,158,403,245,490,"2,205",,,RXB,RBN,OZB,
CHN05-04,105,350,RoseGold Italian Chains,3.75,158,403,245,490,"1,838",,,RXB,RBN,OZB,
CHN06-01,2999,"2,999",3-Layer Pearl Step Chain 3-Tone,PC,"3,449","3,449","4,199","4,199","4,199",,,OGGG,AZZG,ZRGG,
CHN07-01,150,395,Premium Omega Hasli Neck Chain,4.36,209,454,308,553,"2,411",,,RBX,OXG,AXN,
CHN09-01,155,400,Imported Flat Italy Neck Chains,4.60,215,460,315,560,"2,576",,,RBB,ORB,ARB,
CHN09-02,155,400,Imported Flat Italy Neck Chains,4.60,215,460,315,560,"2,576",,,RBB,ORB,ARB,
CHN09-03,155,400,Imported Flat Italy Neck Chains,10.00,215,460,315,560,"5,600",,,RBB,ORB,ARB,
CHN09-05,155,400,Imported Flat Italy Neck Chains,10.00,215,460,315,560,"5,600",,,RBB,ORB,ARB,
CHN09-08,155,400,Imported Flat Italy Neck Chains,9.40,215,460,315,560,"5,264",,,RBB,ORB,ARB,
CHN09-11,155,400,Imported Flat Italy Neck Chains,24.20,215,460,315,560,"13,552",,,RBB,ORB,ARB,
CHN09-12,155,400,Imported Flat Italy Neck Chains,13.15,215,460,315,560,"7,364",,,RBB,ORB,ARB,
CHN09-13,155,400,Imported Flat Italy Neck Chains,7.90,215,460,315,560,"4,424",,,RBB,ORB,ARB,
CHN09-16,155,400,Imported Flat Italy Neck Chains,9.85,215,460,315,560,"5,516",,,RBB,ORB,ARB,
CHN11-02,120,365,Turkey Matte Men's Neck-Chain,26.65,175,420,266,511,"13,618",,,ROX,RIB,OLL,
CHN11-04,120,365,Turkey Matte Men's Neck-Chain,35.50,175,420,266,511,"18,141",,,ROX,RIB,OLL,
CHN11-07,120,365,Turkey Matte Men's Neck-Chain,38.90,175,420,266,511,"19,878",,,ROX,RIB,OLL,
CHN13-01,130,375,Adjustable Link Neck Chains,4.50,186,431,280,525,"2,363",,,RAX,RNL,ONX,
CHN14-01,155,400,Rose Gold Tanmaniya Dokia Chains,4.85,215,460,315,560,"2,716",,,RBB,ORB,ARB,
CHN14-02,155,400,Rose Gold Tanmaniya Dokia Chains,5.65,215,460,315,560,"3,164",,,RBB,ORB,ARB,
CHN15-03,155,400,CNC Ball Premium Neck Chains,3.25,215,460,315,560,"1,820",,,RBB,ORB,ARB,
CHN16-01,190,435,Italian Rhodium Bunch Chains Premium,5.82,255,500,364,609,"3,544",,,RGX,OBB,ALZ,
CHN16-02,190,435,Italian Rhodium Bunch Chains Premium,11.88,255,500,364,609,"7,235",,,RGX,OBB,ALZ,
CHN16-03,190,435,Italian Rhodium Bunch Chains Premium,10.75,255,500,364,609,"6,547",,,RGX,OBB,ALZ,
CHN16-04,190,435,Italian Rhodium Bunch Chains Premium,8.40,255,500,364,609,"5,116",,,RGX,OBB,ALZ,
CHN16-05,190,435,Italian Rhodium Bunch Chains Premium,10.40,255,500,364,609,"6,334",,,RGX,OBB,ALZ,
CHN17-01,200,445,Italian 3-Tone Bunch Chains Premium,9.98,267,512,378,623,"6,214",,,OXX,OLI,AIN,
CHN17-02,200,445,Italian 3-Tone Bunch Chains Premium,11.40,267,512,378,623,"7,102",,,OXX,OLI,AIN,
CHN17-03,200,445,Italian 3-Tone Bunch Chains Premium,12.30,267,512,378,623,"7,663",,,OXX,OLI,AIN,
CHN17-04,200,445,Italian 3-Tone Bunch Chains Premium,12.00,267,512,378,623,"7,476",,,OXX,OLI,AIN,
CHN17-05,200,445,Italian 3-Tone Bunch Chains Premium,14.70,267,512,378,623,"9,158",,,OXX,OLI,AIN,
CHN18-01,120,365,Evil Eye Tennis Italy Neck-Chain,9.00,175,420,266,511,"4,599",,,ROX,RIB,OLL,
CHN19-01,130,375,MOP Butterfly Name Chain,6.10,186,431,280,525,"3,203",,,RAX,RNL,ONX,
CHN20-01,140,385,Butterfly Pearl Adjustable Chain,11.10,198,443,294,539,"5,983",,,RZX,RGN,OGZ,
CHN20-02,140,385,Butterfly Pearl Adjustable Chain,11.10,198,443,294,539,"5,983",,,RZX,RGN,OGZ,
CHN21-01,150,395,Harry Potter Pink Heart Chain,4.20,209,454,308,553,"2,323",,,RBX,OXG,AXN,
CHN22-01,130,375,RoseGold Mesh ButterFly Chain,4.50,186,431,280,525,"2,363",,,RAX,RNL,ONX,
CHN23-01,210,455,ITALY CNC 2-Tone Ball Chain,8.85,278,523,392,637,"5,637",,,ORX,OIN,AGO,
CHN23-02,210,455,ITALY CNC 2-Tone Ball Chain,9.90,278,523,392,637,"6,306",,,ORX,OIN,AGO,
CHN23-04,210,455,ITALY CNC 2-Tone Ball Chain,8.50,278,523,392,637,"5,415",,,ORX,OIN,AGO,
CHN23-06,210,455,ITALY CNC 2-Tone Ball Chain,8.75,278,523,392,637,"5,574",,,ORX,OIN,AGO,
CHN23-07,210,455,ITALY CNC 2-Tone Ball Chain,8.00,278,523,392,637,"5,096",,,ORX,OIN,AGO,
CHN23-09,210,455,ITALY CNC 2-Tone Ball Chain,9.75,278,523,392,637,"6,211",,,ORX,OIN,AGO,
CHN23-10,210,455,ITALY CNC 2-Tone Ball Chain,9.00,278,523,392,637,"5,733",,,ORX,OIN,AGO,
KDA02-01,150,395,Bling Fusion Imported Kada,18.65,209,454,308,553,"10,313",,,RBX,OXG,AXN,
KDA02-02,150,395,Bling Fusion Imported Kada,12.60,209,454,308,553,"6,968",,,RBX,OXG,AXN,
KDA02-03,150,395,Bling Fusion Imported Kada,11.40,209,454,308,553,"6,304",,,RBX,OXG,AXN,
KDA02-04,150,395,Bling Fusion Imported Kada,11.60,209,454,308,553,"6,415",,,RBX,OXG,AXN,
KDA02-05,150,395,Bling Fusion Imported Kada,9.80,209,454,308,553,"5,419",,,RBX,OXG,AXN,
KDA02-06,150,395,Bling Fusion Imported Kada,12.60,209,454,308,553,"6,968",,,RBX,OXG,AXN,
KDA02-07,150,395,Bling Fusion Imported Kada,9.40,209,454,308,553,"5,198",,,RBX,OXG,AXN,
KDA02-08,150,395,Bling Fusion Imported Kada,13.50,209,454,308,553,"7,466",,,RBX,OXG,AXN,
KDA02-09,150,395,Bling Fusion Imported Kada,15.30,209,454,308,553,"8,461",,,RBX,OXG,AXN,
KDA02-10,150,395,Bling Fusion Imported Kada,10.90,209,454,308,553,"6,028",,,RBX,OXG,AXN,
KDA02-11,150,395,Bling Fusion Imported Kada,12.30,209,454,308,553,"6,802",,,RBX,OXG,AXN,
KDA02-12,150,395,Bling Fusion Imported Kada,12.20,209,454,308,553,"6,747",,,RBX,OXG,AXN,
KDA02-13,150,395,Bling Fusion Imported Kada,13.25,209,454,308,553,"7,327",,,RBX,OXG,AXN,
KDA02-14,150,395,Bling Fusion Imported Kada,14.90,209,454,308,553,"8,240",,,RBX,OXG,AXN,
KDA02-15,150,395,Bling Fusion Imported Kada,10.10,209,454,308,553,"5,585",,,RBX,OXG,AXN,
KDA02-16,150,395,Bling Fusion Imported Kada,9.00,209,454,308,553,"4,977",,,RBX,OXG,AXN,
KDA02-18,150,395,Bling Fusion Imported Kada,11.30,209,454,308,553,"6,249",,,RBX,OXG,AXN,
KDA02-21,150,395,Bling Fusion Imported Kada,19.60,209,454,308,553,"10,839",,,RBX,OXG,AXN,
KDA02-22,150,395,Bling Fusion Imported Kada,17.10,209,454,308,553,"9,456",,,RBX,OXG,AXN,
KDA02-23,150,395,Bling Fusion Imported Kada,12.40,209,454,308,553,"6,857",,,RBX,OXG,AXN,
KDA02-24,150,395,Bling Fusion Imported Kada,11.10,209,454,308,553,"6,138",,,RBX,OXG,AXN,
KDA02-25,150,395,Bling Fusion Imported Kada,13.30,209,454,308,553,"7,355",,,RBX,OXG,AXN,
KDA02-26,150,395,Bling Fusion Imported Kada,12.60,209,454,308,553,"6,968",,,RBX,OXG,AXN,
KDA02-28,150,395,Bling Fusion Imported Kada,12.30,209,454,308,553,"6,802",,,RBX,OXG,AXN,
KDA02-30,150,395,Bling Fusion Imported Kada,16.30,209,454,308,553,"9,014",,,RBX,OXG,AXN,
KDA02-31,150,395,Bling Fusion Imported Kada,12.40,209,454,308,553,"6,857",,,RBX,OXG,AXN,
KDA02-33,150,395,Bling Fusion Imported Kada,12.40,209,454,308,553,"6,857",,,RBX,OXG,AXN,
KDA02-34,150,395,Bling Fusion Imported Kada,11.90,209,454,308,553,"6,581",,,RBX,OXG,AXN,
KDA03-01,2100,"2,100",Lightweight Lady Flex Kada,PC,"2,415","2,415","2,940","2,940","2,940",,,ORXX,OZRB,OGZX,
KDA03-02,2100,"2,100",Lightweight Lady Flex Kada,PC,"2,415","2,415","2,940","2,940","2,940",,,ORXX,OZRB,OGZX,
KDA03-04,2100,"2,100",Lightweight Lady Flex Kada,PC,"2,415","2,415","2,940","2,940","2,940",,,ORXX,OZRB,OGZX,
KDA03-05,2100,"2,100",Lightweight Lady Flex Kada,PC,"2,415","2,415","2,940","2,940","2,940",,,ORXX,OZRB,OGZX,
KDA03-06,2100,"2,100",Lightweight Lady Flex Kada,PC,"2,415","2,415","2,940","2,940","2,940",,,ORXX,OZRB,OGZX,
KDA03-07,2100,"2,100",Lightweight Lady Flex Kada,PC,"2,415","2,415","2,940","2,940","2,940",,,ORXX,OZRB,OGZX,
KDA03-08,2100,"2,100",Lightweight Lady Flex Kada,PC,"2,415","2,415","2,940","2,940","2,940",,,ORXX,OZRB,OGZX,
KDA03-11,2100,"2,100",Lightweight Lady Flex Kada,PC,"2,415","2,415","2,940","2,940","2,940",,,ORXX,OZRB,OGZX,
KDA03-12,2100,"2,100",Lightweight Lady Flex Kada,PC,"2,415","2,415","2,940","2,940","2,940",,,ORXX,OZRB,OGZX,
KDA03-14,2100,"2,100",Lightweight Lady Flex Kada,PC,"2,415","2,415","2,940","2,940","2,940",,,ORXX,OZRB,OGZX,
KDA04-05,255,500,Imported Baguette Pipe Kada,5.60,330,575,455,700,"3,920",,,OBB,AAX,ZBB,
KDA04-06,255,500,Imported Baguette Pipe Kada,4.95,330,575,455,700,"3,465",,,OBB,AAX,ZBB,
KDA04-07,255,500,Imported Baguette Pipe Kada,5.20,330,575,455,700,"3,640",,,OBB,AAX,ZBB,
KDA04-10,255,500,Imported Baguette Pipe Kada,5.80,330,575,455,700,"4,060",,,OBB,AAX,ZBB,
KDA04-12,255,500,Imported Baguette Pipe Kada,6.20,330,575,455,700,"4,340",,,OBB,AAX,ZBB,
KDA04-13,255,500,Imported Baguette Pipe Kada,5.70,330,575,455,700,"3,990",,,OBB,AAX,ZBB,
KDA04-14,255,500,Imported Baguette Pipe Kada,7.65,330,575,455,700,"5,355",,,OBB,AAX,ZBB,
KDA04-15,255,500,Imported Baguette Pipe Kada,5.65,330,575,455,700,"3,955",,,OBB,AAX,ZBB,
KDA04-17,255,500,Imported Baguette Pipe Kada,5.50,330,575,455,700,"3,850",,,OBB,AAX,ZBB,
KDA04-18,255,500,Imported Baguette Pipe Kada,5.60,330,575,455,700,"3,920",,,OBB,AAX,ZBB,
KDA04-21,255,500,Imported Baguette Pipe Kada,5.80,330,575,455,700,"4,060",,,OBB,AAX,ZBB,
KDA07-01,155,400,Lightweight Imported Flexible Kada,4.15,215,460,315,560,"2,324",,,RBB,ORB,ARB,
KDA07-02,155,400,Lightweight Imported Flexible Kada,4.85,215,460,315,560,"2,716",,,RBB,ORB,ARB,
KDA07-03,155,400,Lightweight Imported Flexible Kada,6.20,215,460,315,560,"3,472",,,RBB,ORB,ARB,
KDA07-08,155,400,Lightweight Imported Flexible Kada,4.85,215,460,315,560,"2,716",,,RBB,ORB,ARB,
KDA07-10,155,400,Lightweight Imported Flexible Kada,3.95,215,460,315,560,"2,212",,,RBB,ORB,ARB,
KDA10-01,120,365,Premium Turkey Men’s Kada,35.90,175,420,266,511,"18,345",,,ROX,RIB,OLL,
KDA10-03,120,365,Premium Turkey Men’s Kada,25.00,175,420,266,511,"12,775",,,ROX,RIB,OLL,
KDA10-05,120,365,Premium Turkey Men’s Kada,25.20,175,420,266,511,"12,877",,,ROX,RIB,OLL,
KDA11-01,70,315,Lion Hollow Pipe Kada,19.60,117,362,196,441,"8,644",,,IX,RRI,RGL,
KDA11-02,70,315,Lion Hollow Pipe Kada,19.25,117,362,196,441,"8,489",,,IX,RRI,RGL,
KDA11-03,70,315,Lion Hollow Pipe Kada,16.30,117,362,196,441,"7,188",,,IX,RRI,RGL,
KDA11-04,70,315,Lion Hollow Pipe Kada,16.10,117,362,196,441,"7,100",,,IX,RRI,RGL,
KDA11-05,70,315,Lion Hollow Pipe Kada,17.60,117,362,196,441,"7,762",,,IX,RRI,RGL,
KDA13-01,65,310,Baby Colour Enamel Kadli,14.75,112,357,189,434,"6,402",,,LB,RRO,RNG,
KDA13-02,65,310,Baby Colour Enamel Kadli,12.85,112,357,189,434,"5,577",,,LB,RRO,RNG,
KDA13-04,65,310,Baby Colour Enamel Kadli,14.00,112,357,189,434,"6,076",,,LB,RRO,RNG,
KDA13-07,65,310,Baby Colour Enamel Kadli,13.90,112,357,189,434,"6,033",,,LB,RRO,RNG,
KDA14-01,70,315,Baby Hanging Enamel Charm Kadli,13.75,117,362,196,441,"6,064",,,IX,RRI,RGL,
KDA14-02,70,315,Baby Hanging Enamel Charm Kadli,13.70,117,362,196,441,"6,042",,,IX,RRI,RGL,
KDA14-03,70,315,Baby Hanging Enamel Charm Kadli,13.70,117,362,196,441,"6,042",,,IX,RRI,RGL,
KDA14-04,70,315,Baby Hanging Enamel Charm Kadli,11.70,117,362,196,441,"5,160",,,IX,RRI,RGL,
KDA14-05,70,315,Baby Hanging Enamel Charm Kadli,11.00,117,362,196,441,"4,851",,,IX,RRI,RGL,
KDA15-01,80,325,Baby Half Kada & Charms Bracelet,8.50,129,374,210,455,"3,868",,,NX,ROG,ORX,
KDA15-03,80,325,Baby Half Kada & Charms Bracelet,9.35,129,374,210,455,"4,254",,,NX,ROG,ORX,
KDA15-04,80,325,Baby Half Kada & Charms Bracelet,9.90,129,374,210,455,"4,505",,,NX,ROG,ORX,
KDA15-05,80,325,Baby Half Kada & Charms Bracelet,9.40,129,374,210,455,"4,277",,,NX,ROG,ORX,
KDA15-07,80,325,Baby Half Kada & Charms Bracelet,10.30,129,374,210,455,"4,687",,,NX,ROG,ORX,
KDA15-08,80,325,Baby Half Kada & Charms Bracelet,10.20,129,374,210,455,"4,641",,,NX,ROG,ORX,
KDA15-12,80,325,Baby Half Kada & Charms Bracelet,9.35,129,374,210,455,"4,254",,,NX,ROG,ORX,
KDA16-02,80,325,Owl Antique Kada for Mens,31.48,129,374,210,455,"14,323",,,NX,ROG,ORX,
KDA18-01,110,355,5D God Open Kada for Men,29.00,163,408,252,497,"14,413",,,RRX,RLA,OBO,
KDA18-02,110,355,5D God Open Kada for Men,30.30,163,408,252,497,"15,059",,,RRX,RLA,OBO,
KDA18-03,110,355,5D God Open Kada for Men,30.50,163,408,252,497,"15,159",,,RRX,RLA,OBO,
KDA19-03,110,355,Rhodium Italian Openable Kada,11.00,163,408,252,497,"5,467",,,RRX,RLA,OBO,
KDA19-04,110,355,Rhodium Italian Openable Kada,9.60,163,408,252,497,"4,771",,,RRX,RLA,OBO,
KDA19-05,110,355,Rhodium Italian Openable Kada,11.30,163,408,252,497,"5,616",,,RRX,RLA,OBO,
KDA19-07,110,355,Rhodium Italian Openable Kada,14.80,163,408,252,497,"7,356",,,RRX,RLA,OBO,
KDA19-11,110,355,Rhodium Italian Openable Kada,12.00,163,408,252,497,"5,964",,,RRX,RLA,OBO,
KDA19-12,110,355,Rhodium Italian Openable Kada,11.40,163,408,252,497,"5,666",,,RRX,RLA,OBO,
KDA19-13,110,355,Rhodium Italian Openable Kada,14.80,163,408,252,497,"7,356",,,RRX,RLA,OBO,
KDA20-01,105,350,Italian Two-Tone Kada Bracelet,7.60,158,403,245,490,"3,724",,,RXB,RBN,OZB,
KDA20-02,105,350,Italian Two-Tone Kada Bracelet,7.10,158,403,245,490,"3,479",,,RXB,RBN,OZB,
KDA20-03,105,350,Italian Two-Tone Kada Bracelet,5.50,158,403,245,490,"2,695",,,RXB,RBN,OZB,
KDA20-04,105,350,Italian Two-Tone Kada Bracelet,6.60,158,403,245,490,"3,234",,,RXB,RBN,OZB,
KDA20-05,105,350,Italian Two-Tone Kada Bracelet,9.60,158,403,245,490,"4,704",,,RXB,RBN,OZB,
KDA20-06,105,350,Italian Two-Tone Kada Bracelet,8.00,158,403,245,490,"3,920",,,RXB,RBN,OZB,
KDA20-07,105,350,Italian Two-Tone Kada Bracelet,6.90,158,403,245,490,"3,381",,,RXB,RBN,OZB,
KDA20-08,105,350,Italian Two-Tone Kada Bracelet,7.00,158,403,245,490,"3,430",,,RXB,RBN,OZB,
KDA20-09,105,350,Italian Two-Tone Kada Bracelet,6.75,158,403,245,490,"3,308",,,RXB,RBN,OZB,
KDA20-10,105,350,Italian Two-Tone Kada Bracelet,7.10,158,403,245,490,"3,479",,,RXB,RBN,OZB,
KDA20-12,105,350,Italian Two-Tone Kada Bracelet,7.50,158,403,245,490,"3,675",,,RXB,RBN,OZB,
KDA20-13,105,350,Italian Two-Tone Kada Bracelet,5.85,158,403,245,490,"2,867",,,RXB,RBN,OZB,
KDA20-15,105,350,Italian Two-Tone Kada Bracelet,7.00,158,403,245,490,"3,430",,,RXB,RBN,OZB,
KDA20-16,105,350,Italian Two-Tone Kada Bracelet,6.50,158,403,245,490,"3,185",,,RXB,RBN,OZB,
KDA21-01,150,395,Rose Gold Italy CNC Kada,9.70,209,454,308,553,"5,364",,,RBX,OXG,AXN,
KDA21-02,150,395,Rose Gold Italy CNC Kada,16.50,209,454,308,553,"9,125",,,RBX,OXG,AXN,
LKT02-01,218.5,464,Hanumanji Gada Lockets,2.42,288,533,404,649,"1,570",,,ORG,ONN,ZXZ,
LKT02-02,218.5,464,Hanumanji Gada Lockets,2.85,288,533,404,649,"1,849",,,ORG,ONN,ZXZ,
LKT02-03,218.5,464,Hanumanji Gada Lockets,2.71,288,533,404,649,"1,759",,,ORG,ONN,ZXZ,
LKT02-04,218.5,464,Hanumanji Gada Lockets,2.40,288,533,404,649,"1,557",,,ORG,ONN,ZXZ,
LKT03-01,7600,"7,600",Ultra Premium Enamel Lockets,PC,"8,740","8,740","10,640","10,640","10,640",,,ILXX,NIZX,RXLZX,
LKT03-02,7600,"7,600",Ultra Premium Enamel Lockets,PC,"8,740","8,740","10,640","10,640","10,640",,,ILXX,NIZX,RXLZX,
LKT03-03,6800,"6,800",Ultra Premium Enamel Lockets,PC,"7,820","7,820","9,520","9,520","9,520",,,LNXX,INOX,GBOX,
LKT03-04,7600,"7,600",Ultra Premium Enamel Lockets,PC,"8,740","8,740","10,640","10,640","10,640",,,ILXX,NIZX,RXLZX,
MNG01-01,95,340,CZ Glam Gold-Plated Mangalsutra,10.60,146,391,231,476,"5,046",,,GB,RZL,OAR,
MNG01-02,95,340,CZ Glam Gold-Plated Mangalsutra,9.20,146,391,231,476,"4,379",,,GB,RZL,OAR,
MNG01-03,95,340,CZ Glam Gold-Plated Mangalsutra,8.65,146,391,231,476,"4,117",,,GB,RZL,OAR,
MNG01-06,95,340,CZ Glam Gold-Plated Mangalsutra,10.30,146,391,231,476,"4,903",,,GB,RZL,OAR,
MNG01-07,95,340,CZ Glam Gold-Plated Mangalsutra,10.60,146,391,231,476,"5,046",,,GB,RZL,OAR,
MNG01-08,95,340,CZ Glam Gold-Plated Mangalsutra,9.40,146,391,231,476,"4,474",,,GB,RZL,OAR,
MNG01-09,95,340,CZ Glam Gold-Plated Mangalsutra,11.20,146,391,231,476,"5,331",,,GB,RZL,OAR,
MNG01-10,95,340,CZ Glam Gold-Plated Mangalsutra,9.40,146,391,231,476,"4,474",,,GB,RZL,OAR,
MNG01-13,95,340,CZ Glam Gold-Plated Mangalsutra,10.50,146,391,231,476,"4,998",,,GB,RZL,OAR,
MNG01-14,95,340,CZ Glam Gold-Plated Mangalsutra,10.20,146,391,231,476,"4,855",,,GB,RZL,OAR,
MNG03-03,1500,"1,500",Rhodium Elegance Short Mangalsutra,PC,"1,725","1,725","2,100","2,100","2,100",,,RBXX,RIOB,ORXX,
MNG04-01,250,495,Kundan Matte Mangalsutra,25.40,324,569,448,693,"17,602",,,OBX,AOZ,ZZN,
MNG04-02,250,495,Kundan Matte Mangalsutra,21.30,324,569,448,693,"14,761",,,OBX,AOZ,ZZN,
MNG04-03,250,495,Kundan Matte Mangalsutra,24.05,324,569,448,693,"16,667",,,OBX,AOZ,ZZN,
MNG04-04,250,495,Kundan Matte Mangalsutra,24.30,324,569,448,693,"16,840",,,OBX,AOZ,ZZN,
MNG04-05,250,495,Kundan Matte Mangalsutra,52.55,324,569,448,693,"36,417",,,OBX,AOZ,ZZN,
MNG04-06,250,495,Kundan Matte Mangalsutra,66.90,324,569,448,693,"46,362",,,OBX,AOZ,ZZN,
MNG05-01,220,465,Exclusive Minimal Mangalsutra,4.70,290,535,406,651,"3,060",,,OOX,OGX,ZXL,
MNG05-02,220,465,Exclusive Minimal Mangalsutra,4.30,290,535,406,651,"2,799",,,OOX,OGX,ZXL,
MNG05-03,220,465,Exclusive Minimal Mangalsutra,5.20,290,535,406,651,"3,385",,,OOX,OGX,ZXL,
MNG05-04,220,465,Exclusive Minimal Mangalsutra,4.40,290,535,406,651,"2,864",,,OOX,OGX,ZXL,
MNG05-05,220,465,Exclusive Minimal Mangalsutra,3.40,290,535,406,651,"2,213",,,OOX,OGX,ZXL,
MNG05-06,220,465,Exclusive Minimal Mangalsutra,3.20,290,535,406,651,"2,083",,,OOX,OGX,ZXL,
MNG05-07,220,465,Exclusive Minimal Mangalsutra,3.30,290,535,406,651,"2,148",,,OOX,OGX,ZXL,
MNG05-08,220,465,Exclusive Minimal Mangalsutra,3.35,290,535,406,651,"2,181",,,OOX,OGX,ZXL,
MSC01-01,12500,"12,500",999 Silver Foil Wall-Clock (12X12),PC,"14,375","14,375","17,500","17,500","17,500",,,ROBXX,RZAIB,RIBXX,
MSC01-02,12500,"12,500",999 Silver Foil Wall-Clock (12X12),PC,"14,375","14,375","17,500","17,500","17,500",,,ROBXX,RZAIB,RIBXX,
MSC01-03,12500,"12,500",999 Silver Foil Wall-Clock (12X12),PC,"14,375","14,375","17,500","17,500","17,500",,,ROBXX,RZAIB,RIBXX,
MSC01-04,14999,"14,999",999 Silver Foil Wall-Clock (14X14),PC,"17,249","17,249","20,999","20,999","20,999",,,RZGGG,RIOZG,OXGGG,
MSC01-05,14999,"14,999",999 Silver Foil Wall-Clock (14X14),PC,"17,249","17,249","20,999","20,999","20,999",,,RZGGG,RIOZG,OXGGG,
MSC01-06,14999,"14,999",999 Silver Foil Wall-Clock (14X14),PC,"17,249","17,249","20,999","20,999","20,999",,,RZGGG,RIOZG,OXGGG,
MSC01-07,14999,"14,999",999 Silver Foil Wall-Clock (14X14),PC,"17,249","17,249","20,999","20,999","20,999",,,RZGGG,RIOZG,OXGGG,
MSC01-08,14999,"14,999",999 Silver Foil Wall-Clock (14X14),PC,"17,249","17,249","20,999","20,999","20,999",,,RZGGG,RIOZG,OXGGG,
MSC01-09,14999,"14,999",999 Silver Foil Wall-Clock (14X14),PC,"17,249","17,249","20,999","20,999","20,999",,,RZGGG,RIOZG,OXGGG,
MSC01-10,14999,"14,999",999 Silver Foil Wall-Clock (14X14),PC,"17,249","17,249","20,999","20,999","20,999",,,RZGGG,RIOZG,OXGGG,
MSC01-12,21500,"21,500",999 Silver Guitar Wall-Clock (14X19),PC,"24,725","24,725","30,100","30,100","30,100",,,ORBXX,OZIOB,AXRXX,
MSC01-13,175,175,Peacock Feather - 2inch x 1-Pc,PC,201,201,245,245,245,,,RIB,OXR,OZB,
MSC01-14,225,225,Peacock Feather - 3inch x 1-Pc,PC,259,259,315,315,315,,,OOB,OBG,ARB,
MSC01-15,275,275,Peacock Feather - 4inch x 1-Pc,PC,316,316,385,385,385,,,OIB,ARL,ANB,
MSC01-16,450,450,Fancy Peacock Feather - 2inch x 1-Pair,PC,518,518,630,630,630,,,ZBX,BRN,LAX,
MSC01-17,550,550,Fancy Peacock Feather - 3inch x 1-Pair,PC,633,633,770,770,770,,,BBX,LAA,IIX,
MSC01-18,650,650,Fancy Peacock Feather - 4inch x 1-Pair,PC,748,748,910,910,910,,,LBX,IZN,GRX,
MSC01-19,175,175,Chanvar Feather - 2inch x 1-Pc,PC,201,201,245,245,245,,,RIB,OXR,OZB,
MSC01-20,225,225,Chanvar Feather - 3inch x 1-Pc,PC,259,259,315,315,315,,,OOB,OBG,ARB,
MSC01-21,275,275,Chanvar Feather - 4inch x 1-Pc,PC,316,316,385,385,385,,,OIB,ARL,ANB,
MSC01-22,250,250,Silver 999 Foil Pens,PC,288,288,350,350,350,,,OBX,ONN,ABX,
MSC01-23,250,250,Silver 999 Foil Pens,PC,288,288,350,350,350,,,OBX,ONN,ABX,
MSC01-24,250,250,Silver 999 Foil Pens,PC,288,288,350,350,350,,,OBX,ONN,ABX,
MSC01-25,250,250,Silver 999 Foil Pens,PC,288,288,350,350,350,,,OBX,ONN,ABX,
MSC01-26,250,250,Silver 999 Foil Pens,PC,288,288,350,350,350,,,OBX,ONN,ABX,
MSC01-27,250,250,Silver 999 Foil Pens,PC,288,288,350,350,350,,,OBX,ONN,ABX,
MSC01-28,250,250,Silver 999 Foil Pens,PC,288,288,350,350,350,,,OBX,ONN,ABX,
MSC01-29,250,250,Silver 999 Foil Pens,PC,288,288,350,350,350,,,OBX,ONN,ABX,
MSC01-30,250,250,Silver 999 Foil Pens,PC,288,288,350,350,350,,,OBX,ONN,ABX,
MSC01-31,250,250,Silver 999 Foil Pens,PC,288,288,350,350,350,,,OBX,ONN,ABX,
MSC01-32,350,350,Aarti Sangraha 999 Foil Box - Small,PC,403,403,490,490,490,,,ABX,ZXA,ZGX,
MSC01-33,450,450,Aarti Sangraha 999 Foil Box - Medium,PC,518,518,630,630,630,,,ZBX,BRN,LAX,
MSC01-34,550,550,Aarti Sangraha 999 Foil Box - Large,PC,633,633,770,770,770,,,BBX,LAA,IIX,
MSC01-35,350,350,Hanuman Chalisa 999 Foil Box - Small,PC,403,403,490,490,490,,,ABX,ZXA,ZGX,
MSC01-36,450,450,Hanuman Chalisa 999 Foil Box - Medium,PC,518,518,630,630,630,,,ZBX,BRN,LAX,
MSC01-37,550,550,Hanuman Chalisa 999 Foil Box - Large,PC,633,633,770,770,770,,,BBX,LAA,IIX,
MSC01-38,1900,"1,900",Shubh Labh 999 Coating Box - Small,PC,"2,185","2,185","2,660","2,660","2,660",,,RGXX,ORNB,OLLX,
MSC01-39,2400,"2,400",Shubh Labh 999 Coating Box - Big,PC,"2,760","2,760","3,360","3,360","3,360",,,OZXX,OILX,AALX,
MSC01-40,5999,"5,999",Swan Pair 999 Coating Box,PC,"6,899","6,899","8,399","8,399","8,399",,,BGGG,LNGG,NAGG,
MSC01-41,2999,"2,999",Elephant Pair 999 Coating Box,PC,"3,449","3,449","4,199","4,199","4,199",,,OGGG,AZZG,ZRGG,
MSC01-42,1999,"1,999",Radha Krishna Idol - 999 Coating,PC,"2,299","2,299","2,799","2,799","2,799",,,RGGG,OOGG,OIGG,
MSC01-43,1999,"1,999",Khatu Shyamji Idol - 999 Coating,PC,"2,299","2,299","2,799","2,799","2,799",,,RGGG,OOGG,OIGG,
MSC01-45,12499,"12,499",Tulsi Pot - 999 Coating Box Small,PC,"14,374","14,374","17,499","17,499","17,499",,,ROZGG,RZAIZ,RIZGG,
MSC01-46,14499,"14,499",Tulsi Pot - 999 Coating Box Large,PC,"16,674","16,674","20,299","20,299","20,299",,,RZZGG,RLLIZ,OXOGG,
MSC01-47,7999,"7,999",Wall Clocks - 999 Coating Box,PC,"9,199","9,199","11,199","11,199","11,199",,,IGGG,GRGG,RRRGG,
MSC01-48,7999,"7,999",Wall Clocks - 999 Coating Box,PC,"9,199","9,199","11,199","11,199","11,199",,,IGGG,GRGG,RRRGG,
MSC01-49,7999,"7,999",Wall Clocks - 999 Coating Box,PC,"9,199","9,199","11,199","11,199","11,199",,,IGGG,GRGG,RRRGG,
MSC01-50,9999,"9,999",Wall Clocks - 999 Coating Box,PC,"11,499","11,499","13,999","13,999","13,999",,,GGGG,RRZGG,RAGGG,
MSC01-51,9999,"9,999",Wall Clocks - 999 Coating Box,PC,"11,499","11,499","13,999","13,999","13,999",,,GGGG,RRZGG,RAGGG,
MSC01-52,7999,"7,999",999 Coating MOP Chowki Box,PC,"9,199","9,199","11,199","11,199","11,199",,,IGGG,GRGG,RRRGG,
MSC01-53,2999,"2,999",KamDhenu - Cow Idol - 999,PC,"3,449","3,449","4,199","4,199","4,199",,,OGGG,AZZG,ZRGG,
MSC01-54,3999,"3,999",Turtle Yantra - 999 Coating Box,PC,"4,599","4,599","5,599","5,599","5,599",,,AGGG,ZBGG,BBGG,
NCK02-01,110,355,Divine Temple Beaded Necklace,18.00,163,408,252,497,"8,946",,,RRX,RLA,OBO,
NCK02-02,110,355,Divine Temple Beaded Necklace,18.00,163,408,252,497,"8,946",,,RRX,RLA,OBO,
NCK02-03,110,355,Divine Temple Beaded Necklace,18.00,163,408,252,497,"8,946",,,RRX,RLA,OBO,
NCK02-04,110,355,Divine Temple Beaded Necklace,18.00,163,408,252,497,"8,946",,,RRX,RLA,OBO,
NCK02-05,110,355,Divine Temple Beaded Necklace,18.00,163,408,252,497,"8,946",,,RRX,RLA,OBO,
NCK02-06,110,355,Divine Temple Beaded Necklace,18.00,163,408,252,497,"8,946",,,RRX,RLA,OBO,
NCK02-07,110,355,Divine Temple Beaded Necklace,15.00,163,408,252,497,"7,455",,,RRX,RLA,OBO,
NCK02-08,110,355,Divine Temple Beaded Necklace,15.00,163,408,252,497,"7,455",,,RRX,RLA,OBO,
NCK02-09,110,355,Divine Temple Beaded Necklace,15.00,163,408,252,497,"7,455",,,RRX,RLA,OBO,
NCK02-10,110,355,Divine Temple Beaded Necklace,15.00,163,408,252,497,"7,455",,,RRX,RLA,OBO,
NCK02-11,110,355,Divine Temple Beaded Necklace,15.00,163,408,252,497,"7,455",,,RRX,RLA,OBO,
NCK02-12,110,355,Divine Temple Beaded Necklace,15.00,163,408,252,497,"7,455",,,RRX,RLA,OBO,
NCK02-13,110,355,Divine Temple Beaded Necklace,15.00,163,408,252,497,"7,455",,,RRX,RLA,OBO,
NCK02-14,110,355,Divine Temple Beaded Necklace,15.00,163,408,252,497,"7,455",,,RRX,RLA,OBO,
NCK02-15,110,355,Divine Temple Beaded Necklace,15.00,163,408,252,497,"7,455",,,RRX,RLA,OBO,
NCK03-03,175,420,Exclusive Rose Gold Necklace,15.00,238,483,343,588,"8,820",,,RIB,OAN,AZA,
NCK04-01,140,385,Swarovski Pearl Necklace,66.50,198,443,294,539,"35,844",,,RZX,RGN,OGZ,
NCK05-02,170,415,Luxe Moissanite P. Set with Chain,23.15,232,477,336,581,"13,450",,,RIX,OAO,AAL,
NCK06-01,120,365,Lightweight Italian Necklace,31.50,175,420,266,511,"16,097",,,ROX,RIB,OLL,
NCK06-02,120,365,Lightweight Italian Necklace,24.75,175,420,266,511,"12,647",,,ROX,RIB,OLL,
NCK06-04,120,365,Lightweight Italian Necklace,22.70,175,420,266,511,"11,600",,,ROX,RIB,OLL,
NCK06-05,120,365,Lightweight Italian Necklace,25.25,175,420,266,511,"12,903",,,ROX,RIB,OLL,
NCK06-06,120,365,Lightweight Italian Necklace,23.25,175,420,266,511,"11,881",,,ROX,RIB,OLL,
NCK06-08,120,365,Lightweight Italian Necklace,22.40,175,420,266,511,"11,446",,,ROX,RIB,OLL,
NCK06-09,120,365,Lightweight Italian Necklace,25.00,175,420,266,511,"12,775",,,ROX,RIB,OLL,
NCK06-10,120,365,Lightweight Italian Necklace,31.70,175,420,266,511,"16,199",,,ROX,RIB,OLL,
NCK06-11,120,365,Lightweight Italian Necklace,23.70,175,420,266,511,"12,111",,,ROX,RIB,OLL,
NCK07-01,225,470,Turkey Gold Finish Necklace,13.35,296,541,413,658,"8,784",,,OOB,OGL,ZRA,
NCK07-02,225,470,Turkey Gold Finish Necklace,15.10,296,541,413,658,"9,936",,,OOB,OGL,ZRA,
NCK07-03,225,470,Turkey Gold Finish Necklace,16.73,296,541,413,658,"11,005",,,OOB,OGL,ZRA,
NCK08-02,145,390,Bling Fusion Statement Necklace,40.10,204,449,301,546,"21,895",,,RZB,OXZ,AXR,
NCK09-02,160,405,Excl. Necklace Set with Ring,12.50,221,466,322,567,"7,088",,,RLX,OOR,AOO,
NCK09-04,160,405,Excl. Necklace Set with Ring,17.30,221,466,322,567,"9,809",,,RLX,OOR,AOO,
NCK09-05,160,405,Excl. Necklace Set with Ring,17.00,221,466,322,567,"9,639",,,RLX,OOR,AOO,
NCK09-06,160,405,Excl. Necklace Set with Ring,29.00,221,466,322,567,"16,443",,,RLX,OOR,AOO,
NCK09-07,160,405,Excl. Necklace Set with Ring,31.30,221,466,322,567,"17,747",,,RLX,OOR,AOO,
NCK10-01,165,410,Blossom CNC Ball Necklace,32.50,227,472,329,574,"18,655",,,RLB,OOI,AOG,
NCK10-02,165,410,Blossom CNC Ball Necklace,24.50,227,472,329,574,"14,063",,,RLB,OOI,AOG,
NCK10-06,165,410,Blossom CNC Ball Necklace,17.40,227,472,329,574,"9,988",,,RLB,OOI,AOG,
NCK10-08,165,410,Blossom CNC Ball Necklace,21.10,227,472,329,574,"12,111",,,RLB,OOI,AOG,
NCK10-10,165,410,Blossom CNC Ball Necklace,23.60,227,472,329,574,"13,546",,,RLB,OOI,AOG,
PST02-01,150,395,Bling Fusion Chain Pendant Set,10.30,209,454,308,553,"5,696",,,RBX,OXG,AXN,
PST02-02,150,395,Bling Fusion Chain Pendant Set,7.45,209,454,308,553,"4,120",,,RBX,OXG,AXN,
PST02-03,150,395,Bling Fusion Chain Pendant Set,9.95,209,454,308,553,"5,502",,,RBX,OXG,AXN,
PST02-05,150,395,Bling Fusion Chain Pendant Set,8.25,209,454,308,553,"4,562",,,RBX,OXG,AXN,
PST02-08,150,395,Bling Fusion Chain Pendant Set,10.75,209,454,308,553,"5,945",,,RBX,OXG,AXN,
PST02-09,150,395,Bling Fusion Chain Pendant Set,6.55,209,454,308,553,"3,622",,,RBX,OXG,AXN,
PST02-10,150,395,Bling Fusion Chain Pendant Set,6.65,209,454,308,553,"3,677",,,RBX,OXG,AXN,
PST02-11,150,395,Bling Fusion Chain Pendant Set,7.20,209,454,308,553,"3,982",,,RBX,OXG,AXN,
PST02-12,150,395,Bling Fusion Chain Pendant Set,9.20,209,454,308,553,"5,088",,,RBX,OXG,AXN,
PST02-13,150,395,Bling Fusion Chain Pendant Set,11.70,209,454,308,553,"6,470",,,RBX,OXG,AXN,
PST02-14,150,395,Bling Fusion Chain Pendant Set,8.20,209,454,308,553,"4,535",,,RBX,OXG,AXN,
PST02-15,150,395,Bling Fusion Chain Pendant Set,7.60,209,454,308,553,"4,203",,,RBX,OXG,AXN,
PST02-18,150,395,Bling Fusion Chain Pendant Set,7.82,209,454,308,553,"4,324",,,RBX,OXG,AXN,
PST02-19,150,395,Bling Fusion Chain Pendant Set,10.20,209,454,308,553,"5,641",,,RBX,OXG,AXN,
PST02-24,150,395,Bling Fusion Chain Pendant Set,15.40,209,454,308,553,"8,516",,,RBX,OXG,AXN,
PST02-25,150,395,Bling Fusion Chain Pendant Set,12.05,209,454,308,553,"6,664",,,RBX,OXG,AXN,
PST02-26,150,395,Bling Fusion Chain Pendant Set,15.00,209,454,308,553,"8,295",,,RBX,OXG,AXN,
PST02-27,150,395,Bling Fusion Chain Pendant Set,17.75,209,454,308,553,"9,816",,,RBX,OXG,AXN,
PST02-30,150,395,Bling Fusion Chain Pendant Set,8.00,209,454,308,553,"4,424",,,RBX,OXG,AXN,
PST02-31,150,395,Bling Fusion Chain Pendant Set,18.00,209,454,308,553,"9,954",,,RBX,OXG,AXN,
PST02-35,150,395,Bling Fusion Chain Pendant Set,11.55,209,454,308,553,"6,387",,,RBX,OXG,AXN,
PST02-36,150,395,Bling Fusion Chain Pendant Set,16.05,209,454,308,553,"8,876",,,RBX,OXG,AXN,
PST03-01,110,355,Seoul Elegance Chain Pendant Set,10.40,163,408,252,497,"5,169",,,RRX,RLA,OBO,
PST03-02,110,355,Seoul Elegance Chain Pendant Set,12.00,163,408,252,497,"5,964",,,RRX,RLA,OBO,
PST03-03,110,355,Seoul Elegance Chain Pendant Set,9.10,163,408,252,497,"4,523",,,RRX,RLA,OBO,
PST03-04,110,355,Seoul Elegance Chain Pendant Set,9.50,163,408,252,497,"4,722",,,RRX,RLA,OBO,
PST03-05,110,355,Seoul Elegance Chain Pendant Set,7.30,163,408,252,497,"3,628",,,RRX,RLA,OBO,
PST03-06,110,355,Seoul Elegance Chain Pendant Set,4.40,163,408,252,497,"2,187",,,RRX,RLA,OBO,
PST03-07,110,355,Seoul Elegance Chain Pendant Set,7.10,163,408,252,497,"3,529",,,RRX,RLA,OBO,
PST03-08,110,355,Seoul Elegance Chain Pendant Set,7.50,163,408,252,497,"3,728",,,RRX,RLA,OBO,
PST03-11,110,355,Seoul Elegance Chain Pendant Set,8.20,163,408,252,497,"4,075",,,RRX,RLA,OBO,
PST03-12,110,355,Seoul Elegance Chain Pendant Set,9.35,163,408,252,497,"4,647",,,RRX,RLA,OBO,
PST03-13,110,355,Seoul Elegance Chain Pendant Set,7.40,163,408,252,497,"3,678",,,RRX,RLA,OBO,
PST03-14,110,355,Seoul Elegance Chain Pendant Set,13.00,163,408,252,497,"6,461",,,RRX,RLA,OBO,
PST03-15,110,355,Seoul Elegance Chain Pendant Set,6.70,163,408,252,497,"3,330",,,RRX,RLA,OBO,
PST03-16,110,355,Seoul Elegance Chain Pendant Set,12.75,163,408,252,497,"6,337",,,RRX,RLA,OBO,
PST04-03,130,375,Exclusive Chain Pendant Set,11.90,186,431,280,525,"6,248",,,RAX,RNL,ONX,
PST04-04,130,375,Exclusive Chain Pendant Set,7.20,186,431,280,525,"3,780",,,RAX,RNL,ONX,
PST04-07,130,375,Exclusive Chain Pendant Set,10.80,186,431,280,525,"5,670",,,RAX,RNL,ONX,
PST04-08,130,375,Exclusive Chain Pendant Set,10.50,186,431,280,525,"5,513",,,RAX,RNL,ONX,
PST04-11,130,375,Exclusive Chain Pendant Set,12.90,186,431,280,525,"6,773",,,RAX,RNL,ONX,
PST04-12,130,375,Exclusive Chain Pendant Set,12.50,186,431,280,525,"6,563",,,RAX,RNL,ONX,
PST04-14,130,375,Exclusive Chain Pendant Set,9.10,186,431,280,525,"4,778",,,RAX,RNL,ONX,
PST04-15,130,375,Exclusive Chain Pendant Set,9.60,186,431,280,525,"5,040",,,RAX,RNL,ONX,
PST04-16,130,375,Exclusive Chain Pendant Set,8.60,186,431,280,525,"4,515",,,RAX,RNL,ONX,
PST04-17,130,375,Exclusive Chain Pendant Set,8.65,186,431,280,525,"4,541",,,RAX,RNL,ONX,
PST04-18,130,375,Exclusive Chain Pendant Set,14.85,186,431,280,525,"7,796",,,RAX,RNL,ONX,
PST04-20,130,375,Exclusive Chain Pendant Set,12.25,186,431,280,525,"6,431",,,RAX,RNL,ONX,
PST04-21,130,375,Exclusive Chain Pendant Set,10.80,186,431,280,525,"5,670",,,RAX,RNL,ONX,
PST05-02,250,495,MOP Pendant Sets - Imported,21.80,324,569,448,693,"15,107",,,OBX,AOZ,ZZN,
PST05-03,250,495,MOP Pendant Sets - Imported,26.40,324,569,448,693,"18,295",,,OBX,AOZ,ZZN,
PST05-04,250,495,MOP Pendant Sets - Imported,25.10,324,569,448,693,"17,394",,,OBX,AOZ,ZZN,
PST05-05,250,495,MOP Pendant Sets - Imported,18.65,324,569,448,693,"12,924",,,OBX,AOZ,ZZN,
PST05-06,250,495,MOP Pendant Sets - Imported,14.75,324,569,448,693,"10,222",,,OBX,AOZ,ZZN,
PST05-08,250,495,MOP Pendant Sets - Imported,28.50,324,569,448,693,"19,751",,,OBX,AOZ,ZZN,
PST07-01,180,425,Signature Pendant Sets Collection,32.20,244,489,350,595,"19,159",,,RNX,OZZ,ABX,
PST07-02,180,425,Signature Pendant Sets Collection,22.31,244,489,350,595,"13,274",,,RNX,OZZ,ABX,
PST07-03,260,505,Signature Pendant Sets Collection,33.07,336,581,462,707,"23,380",,,OLX,AAL,ZLO,
RNG02-01,80,325,Men's Signature Rings,1.01,129,374,210,455,460,,,NX,ROG,ORX,
RNG03-01,140,385,Bling Fusion Lady Rings,1.01,198,443,294,539,544,,,RZX,RGN,OGZ,
RNG04-01,140,385,Imported RG 2-Tone Lady Rings,1.01,198,443,294,539,544,,,RZX,RGN,OGZ,
RNG05-01,85,330,Ring Cum Kada/Bangle,1.01,135,380,217,462,467,,,NB,RAB,ORI,
RNG06-01,170,415,Fancy Colour Thumb Rings,1.01,232,477,336,581,587,,,RIX,OAO,AAL,
RNG07-01,105,350,Men's Maharaja Rings,1.01,158,403,245,490,495,,,RXB,RBN,OZB,
RNG09-01,160,405,Luxe Moissanite Rings,1.01,221,466,322,567,573,,,RLX,OOR,AOO,
RNG10-02,195,440,Fancy Peacock Adjustable Rings,12.05,261,506,371,616,"7,423",,,RGB,OLR,AIR,
RNG10-03,195,440,Fancy Peacock Adjustable Rings,21.75,261,506,371,616,"13,398",,,RGB,OLR,AIR,
TPS02-02,120,365,Elegant Ear-Cuffs,3.70,175,420,266,511,"1,891",,,ROX,RIB,OLL,
TPS02-04,120,365,Elegant Ear-Cuffs,2.35,175,420,266,511,"1,201",,,ROX,RIB,OLL,
TPS02-07,120,365,Elegant Ear-Cuffs,1.95,175,420,266,511,996,,,ROX,RIB,OLL,
TPS02-08,120,365,Elegant Ear-Cuffs,3.25,175,420,266,511,"1,661",,,ROX,RIB,OLL,
TPS02-10,120,365,Elegant Ear-Cuffs,3.50,175,420,266,511,"1,789",,,ROX,RIB,OLL,
TPS02-11,120,365,Elegant Ear-Cuffs,2.75,175,420,266,511,"1,405",,,ROX,RIB,OLL,
TPS02-12,120,365,Elegant Ear-Cuffs,3.27,175,420,266,511,"1,671",,,ROX,RIB,OLL,
TPS02-15,120,365,Elegant Ear-Cuffs,2.00,175,420,266,511,"1,022",,,ROX,RIB,OLL,
TPS02-16,120,365,Elegant Ear-Cuffs,3.65,175,420,266,511,"1,865",,,ROX,RIB,OLL,
TPS02-17,120,365,Elegant Ear-Cuffs,2.50,175,420,266,511,"1,278",,,ROX,RIB,OLL,
TPS03-01,115,360,Imported Glam Earrings,5.20,169,414,259,504,"2,621",,,RRB,RLG,OBG,
TPS03-02,115,360,Imported Glam Earrings,6.75,169,414,259,504,"3,402",,,RRB,RLG,OBG,
TPS03-03,115,360,Imported Glam Earrings,7.20,169,414,259,504,"3,629",,,RRB,RLG,OBG,
TPS03-04,115,360,Imported Glam Earrings,7.20,169,414,259,504,"3,629",,,RRB,RLG,OBG,
TPS04-01,95,340,Seoul Chic Earrings,7.30,146,391,231,476,"3,475",,,GB,RZL,OAR,
TPS04-02,95,340,Seoul Chic Earrings,7.60,146,391,231,476,"3,618",,,GB,RZL,OAR,
TPS04-03,95,340,Seoul Chic Earrings,10.70,146,391,231,476,"5,093",,,GB,RZL,OAR,
TPS04-04,95,340,Seoul Chic Earrings,14.80,146,391,231,476,"7,045",,,GB,RZL,OAR,
TPS04-05,95,340,Seoul Chic Earrings,8.15,146,391,231,476,"3,879",,,GB,RZL,OAR,
TPS04-06,95,340,Seoul Chic Earrings,6.50,146,391,231,476,"3,094",,,GB,RZL,OAR,
TPS04-08,95,340,Seoul Chic Earrings,4.40,146,391,231,476,"2,094",,,GB,RZL,OAR,
TPS04-09,95,340,Seoul Chic Earrings,5.00,146,391,231,476,"2,380",,,GB,RZL,OAR,
TPS04-10,95,340,Seoul Chic Earrings,2.70,146,391,231,476,"1,285",,,GB,RZL,OAR,
TPS04-11,95,340,Seoul Chic Earrings,7.20,146,391,231,476,"3,427",,,GB,RZL,OAR,
TPS04-12,95,340,Seoul Chic Earrings,6.30,146,391,231,476,"2,999",,,GB,RZL,OAR,
TPS04-13,95,340,Seoul Chic Earrings,5.60,146,391,231,476,"2,666",,,GB,RZL,OAR,
TPS04-14,95,340,Seoul Chic Earrings,13.30,146,391,231,476,"6,331",,,GB,RZL,OAR,
TPS05-01,1500,"1,500",Rhodium Leaf Tops,PC,"1,725","1,725","2,100","2,100","2,100",,,RBXX,RIOB,ORXX,
TPS06-01,220,465,Moissanite Luxe Tops,7.55,290,535,406,651,"4,915",,,OOX,OGX,ZXL,
TPS06-02,220,465,Moissanite Luxe Tops,9.95,290,535,406,651,"6,477",,,OOX,OGX,ZXL,
TPS06-04,220,465,Moissanite Luxe Tops,9.45,290,535,406,651,"6,152",,,OOX,OGX,ZXL,
TPS06-06,220,465,Moissanite Luxe Tops,8.00,290,535,406,651,"5,208",,,OOX,OGX,ZXL,
TPS06-07,220,465,Moissanite Luxe Tops,8.25,290,535,406,651,"5,371",,,OOX,OGX,ZXL,
TPS07-01,80,325,Rhodium Lock Bali,2.65,129,374,210,455,"1,206",,,NX,ROG,ORX,
TPS07-02,80,325,Rhodium Lock Bali,3.40,129,374,210,455,"1,547",,,NX,ROG,ORX,
TPS07-03,80,325,Rhodium Lock Bali,2.85,129,374,210,455,"1,297",,,NX,ROG,ORX,
TPS07-04,80,325,Rhodium Lock Bali,2.70,129,374,210,455,"1,229",,,NX,ROG,ORX,
TPS07-05,80,325,Rhodium Lock Bali,3.20,129,374,210,455,"1,456",,,NX,ROG,ORX,
TPS07-06,80,325,Rhodium Lock Bali,3.10,129,374,210,455,"1,411",,,NX,ROG,ORX,
TPS07-07,80,325,Rhodium Lock Bali,2.70,129,374,210,455,"1,229",,,NX,ROG,ORX,
TPS07-08,80,325,Rhodium Lock Bali,3.00,129,374,210,455,"1,365",,,NX,ROG,ORX,
TPS07-09,80,325,Rhodium Lock Bali,3.00,129,374,210,455,"1,365",,,NX,ROG,ORX,
TPS07-10,80,325,Rhodium Lock Bali,3.55,129,374,210,455,"1,615",,,NX,ROG,ORX,
TPS07-11,80,325,Rhodium Lock Bali,2.80,129,374,210,455,"1,274",,,NX,ROG,ORX,
TPS08-03,150,395,Bling Fusion Premium Earrings,11.75,209,454,308,553,"6,498",,,RBX,OXG,AXN,
TPS08-04,150,395,Bling Fusion Premium Earrings,14.90,209,454,308,553,"8,240",,,RBX,OXG,AXN,
TPS08-05,150,395,Bling Fusion Premium Earrings,18.71,209,454,308,553,"10,347",,,RBX,OXG,AXN,
TPS08-06,150,395,Bling Fusion Premium Earrings,10.60,209,454,308,553,"5,862",,,RBX,OXG,AXN,
TPS08-07,150,395,Bling Fusion Premium Earrings,6.40,209,454,308,553,"3,539",,,RBX,OXG,AXN,
TPS08-08,150,395,Bling Fusion Premium Earrings,5.70,209,454,308,553,"3,152",,,RBX,OXG,AXN,
TPS08-09,150,395,Bling Fusion Premium Earrings,1.85,209,454,308,553,"1,023",,,RBX,OXG,AXN,
TPS08-11,150,395,Bling Fusion Premium Earrings,4.75,209,454,308,553,"2,627",,,RBX,OXG,AXN,
TPS08-12,150,395,Bling Fusion Premium Earrings,4.50,209,454,308,553,"2,489",,,RBX,OXG,AXN,
TPS08-14,150,395,Bling Fusion Premium Earrings,9.40,209,454,308,553,"5,198",,,RBX,OXG,AXN,
TPS08-15,150,395,Bling Fusion Premium Earrings,6.60,209,454,308,553,"3,650",,,RBX,OXG,AXN,
TPS08-17,150,395,Bling Fusion Premium Earrings,11.10,209,454,308,553,"6,138",,,RBX,OXG,AXN,
TPS08-18,150,395,Bling Fusion Premium Earrings,4.45,209,454,308,553,"2,461",,,RBX,OXG,AXN,
TPS08-19,150,395,Bling Fusion Premium Earrings,4.92,209,454,308,553,"2,721",,,RBX,OXG,AXN,
TPS08-20,150,395,Bling Fusion Premium Earrings,13.95,209,454,308,553,"7,714",,,RBX,OXG,AXN,
TPS09-02,170,415,Bella-Lume Chrome Earrings,4.50,232,477,336,581,"2,615",,,RIX,OAO,AAL,
TPS09-03,170,415,Bella-Lume Chrome Earrings,5.30,232,477,336,581,"3,079",,,RIX,OAO,AAL,
TPS09-04,170,415,Bella-Lume Chrome Earrings,7.25,232,477,336,581,"4,212",,,RIX,OAO,AAL,
TPS09-05,170,415,Bella-Lume Chrome Earrings,2.85,232,477,336,581,"1,656",,,RIX,OAO,AAL,
TPS09-06,170,415,Bella-Lume Chrome Earrings,4.65,232,477,336,581,"2,702",,,RIX,OAO,AAL,
TPS09-09,170,415,Bella-Lume Chrome Earrings,5.60,232,477,336,581,"3,254",,,RIX,OAO,AAL,
TPS09-10,170,415,Bella-Lume Chrome Earrings,3.30,232,477,336,581,"1,917",,,RIX,OAO,AAL,
TPS09-12,170,415,Bella-Lume Chrome Earrings,4.50,232,477,336,581,"2,615",,,RIX,OAO,AAL,
TPS09-16,170,415,Bella-Lume Chrome Earrings,4.15,232,477,336,581,"2,411",,,RIX,OAO,AAL,
TPS09-17,170,415,Bella-Lume Chrome Earrings,4.10,232,477,336,581,"2,382",,,RIX,OAO,AAL,
TPS09-18,170,415,Bella-Lume Chrome Earrings,4.15,232,477,336,581,"2,411",,,RIX,OAO,AAL,
TPS10-01,105,350,Exclusive Fancy Earrings,4.60,158,403,245,490,"2,254",,,RXB,RBN,OZB,
TPS10-02,105,350,Exclusive Fancy Earrings,3.25,158,403,245,490,"1,593",,,RXB,RBN,OZB,
TPS10-03,105,350,Exclusive Fancy Earrings,4.70,158,403,245,490,"2,303",,,RXB,RBN,OZB,
TPS10-04,105,350,Exclusive Fancy Earrings,4.25,158,403,245,490,"2,083",,,RXB,RBN,OZB,
TPS10-05,105,350,Exclusive Fancy Earrings,3.85,158,403,245,490,"1,887",,,RXB,RBN,OZB,
TPS10-06,105,350,Exclusive Fancy Earrings,5.70,158,403,245,490,"2,793",,,RXB,RBN,OZB,
TPS10-07,105,350,Exclusive Fancy Earrings,3.70,158,403,245,490,"1,813",,,RXB,RBN,OZB,
TPS10-08,105,350,Exclusive Fancy Earrings,4.50,158,403,245,490,"2,205",,,RXB,RBN,OZB,
TPS10-09,105,350,Exclusive Fancy Earrings,4.50,158,403,245,490,"2,205",,,RXB,RBN,OZB,
TPS10-10,105,350,Exclusive Fancy Earrings,4.40,158,403,245,490,"2,156",,,RXB,RBN,OZB,
TPS10-11,105,350,Exclusive Fancy Earrings,5.00,158,403,245,490,"2,450",,,RXB,RBN,OZB,
TPS10-12,105,350,Exclusive Fancy Earrings,5.30,158,403,245,490,"2,597",,,RXB,RBN,OZB,
TPS10-13,105,350,Exclusive Fancy Earrings,3.90,158,403,245,490,"1,911",,,RXB,RBN,OZB,
TPS10-14,105,350,Exclusive Fancy Earrings,4.10,158,403,245,490,"2,009",,,RXB,RBN,OZB,
TPS10-15,105,350,Exclusive Fancy Earrings,3.90,158,403,245,490,"1,911",,,RXB,RBN,OZB,
TPS11-02,85,330,Rhodium Spinning Fan Tops,3.90,135,380,217,462,"1,802",,,NB,RAB,ORI,
TPS11-03,85,330,Rhodium Spinning Fan Tops,3.15,135,380,217,462,"1,455",,,NB,RAB,ORI,
TPS12-01,120,365,South Screw Gold-Plated Tops,12.10,175,420,266,511,"6,183",,,ROX,RIB,OLL,
TPS12-02,120,365,South Screw Gold-Plated Tops,12.40,175,420,266,511,"6,336",,,ROX,RIB,OLL,
TPS12-03,120,365,South Screw Gold-Plated Tops,13.10,175,420,266,511,"6,694",,,ROX,RIB,OLL,
TPS12-04,120,365,South Screw Gold-Plated Tops,11.65,175,420,266,511,"5,953",,,ROX,RIB,OLL,
TPS12-05,120,365,South Screw Gold-Plated Tops,11.80,175,420,266,511,"6,030",,,ROX,RIB,OLL,
TPS12-06,120,365,South Screw Gold-Plated Tops,12.25,175,420,266,511,"6,260",,,ROX,RIB,OLL,
TPS12-07,120,365,South Screw Gold-Plated Tops,12.30,175,420,266,511,"6,285",,,ROX,RIB,OLL,
TPS12-08,120,365,South Screw Gold-Plated Tops,11.95,175,420,266,511,"6,106",,,ROX,RIB,OLL,
TPS12-09,120,365,South Screw Gold-Plated Tops,12.00,175,420,266,511,"6,132",,,ROX,RIB,OLL,
TPS13-01,80,325,Oxidised Lagaan Stone Bali for Men,5.36,129,374,210,455,"2,437",,,NX,ROG,ORX,
TPS13-02,80,325,Oxidised Lagaan Stone Bali for Men,7.07,129,374,210,455,"3,215",,,NX,ROG,ORX,
TPS14-01,155,400,Swarovski Butterfly Ear Cuffs,3.00,215,460,315,560,"1,680",,,RBB,ORB,ARB,
TPS14-02,155,400,Swarovski Butterfly Ear Cuffs,3.00,215,460,315,560,"1,680",,,RBB,ORB,ARB,
TPS14-03,155,400,Swarovski Butterfly Ear Cuffs,3.00,215,460,315,560,"1,680",,,RBB,ORB,ARB,
TPS15-02,145,390,Colour Stone Premium Tops,2.50,204,449,301,546,"1,365",,,RZB,OXZ,AXR,
TPS15-03,145,390,Colour Stone Premium Tops,2.50,204,449,301,546,"1,365",,,RZB,OXZ,AXR,
TPS15-04,145,390,Colour Stone Premium Tops,2.50,204,449,301,546,"1,365",,,RZB,OXZ,AXR,
TPS15-06,145,390,Colour Stone Premium Tops,2.50,204,449,301,546,"1,365",,,RZB,OXZ,AXR,
TPS15-07,145,390,Colour Stone Premium Tops,2.50,204,449,301,546,"1,365",,,RZB,OXZ,AXR,
TPS15-08,145,390,Colour Stone Premium Tops,2.50,204,449,301,546,"1,365",,,RZB,OXZ,AXR,
TPS15-09,145,390,Colour Stone Premium Tops,2.50,204,449,301,546,"1,365",,,RZB,OXZ,AXR,
TPS17-01,700,700,Single Stone CZ Studs,PC,805,805,980,980,980,,,IXX,NXB,GNX,
TPS17-02,850,850,Single Stone CZ Studs,PC,978,978,"1,190","1,190","1,190",,,NBX,GIN,RRGX,
TPS17-03,1050,"1,050",Single Stone CZ Studs,PC,"1,208","1,208","1,470","1,470","1,470",,,RXBX,ROXN,RZIX,
TPS17-04,1200,"1,200",Single Stone CZ Studs,PC,"1,380","1,380","1,680","1,680","1,680",,,ROXX,RANX,RLNX,
TPS17-05,1350,"1,350",Single Stone CZ Studs,PC,"1,553","1,553","1,890","1,890","1,890",,,RABX,RBBA,RNGX,
TPS17-06,1550,"1,550",Single Stone CZ Studs,PC,"1,783","1,783","2,170","2,170","2,170",,,RBBX,RINA,ORIX,
TPS18-01,500,500,Elegant Pearl Studs,PC,575,575,700,700,700,,,BXX,BIB,IXX,
TPS18-02,650,650,Elegant Pearl Studs,PC,748,748,910,910,910,,,LBX,IZN,GRX,
TPS18-03,800,800,Elegant Pearl Studs,PC,920,920,"1,120","1,120","1,120",,,NXX,GOX,RROX,
TPS18-04,950,950,Elegant Pearl Studs,PC,"1,093","1,093","1,330","1,330","1,330",,,GBX,RXGA,RAAX,
TPS18-05,1100,"1,100",Elegant Pearl Studs,PC,"1,265","1,265","1,540","1,540","1,540",,,RRXX,ROLB,RBZX,
TPS18-06,1250,"1,250",Elegant Pearl Studs,PC,"1,438","1,438","1,750","1,750","1,750",,,ROBX,RZAN,RIBX,
TPS19-01,270,515,Imported Exclusive Bali,7.70,347,592,476,721,"5,552",,,OIX,AZI,ZIL,
TPS19-02,270,515,Imported Exclusive Bali,3.30,347,592,476,721,"2,379",,,OIX,AZI,ZIL,
TPS19-04,270,515,Imported Exclusive Bali,7.47,347,592,476,721,"5,386",,,OIX,AZI,ZIL,
TPS19-05,270,515,Imported Exclusive Bali,4.20,347,592,476,721,"3,028",,,OIX,AZI,ZIL,
TPS19-06,270,515,Imported Exclusive Bali,7.65,347,592,476,721,"5,516",,,OIX,AZI,ZIL,
TPS19-07,270,515,Imported Exclusive Bali,4.27,347,592,476,721,"3,079",,,OIX,AZI,ZIL,
TPS19-08,270,515,Imported Exclusive Bali,5.30,347,592,476,721,"3,821",,,OIX,AZI,ZIL,
TPS19-09,270,515,Imported Exclusive Bali,3.40,347,592,476,721,"2,451",,,OIX,AZI,ZIL,
TRG02-01,120,365,Enamel Flower Toe Rings,3.55,175,420,266,511,"1,814",,,ROX,RIB,OLL,
TRG02-03,120,365,Enamel Flower Toe Rings,3.78,175,420,266,511,"1,932",,,ROX,RIB,OLL,
TRG02-04,120,365,Enamel Flower Toe Rings,3.65,175,420,266,511,"1,865",,,ROX,RIB,OLL,
TRG02-06,120,365,Enamel Flower Toe Rings,3.70,175,420,266,511,"1,891",,,ROX,RIB,OLL,
TRG02-07,120,365,Enamel Flower Toe Rings,5.15,175,420,266,511,"2,632",,,ROX,RIB,OLL,
TRG02-10,120,365,Enamel Flower Toe Rings,3.50,175,420,266,511,"1,789",,,ROX,RIB,OLL,
TRG02-11,120,365,Enamel Flower Toe Rings,3.70,175,420,266,511,"1,891",,,ROX,RIB,OLL,
TRG02-13,120,365,Enamel Flower Toe Rings,5.15,175,420,266,511,"2,632",,,ROX,RIB,OLL,
TRG02-14,120,365,Enamel Flower Toe Rings,3.85,175,420,266,511,"1,967",,,ROX,RIB,OLL,
TRG02-15,120,365,Enamel Flower Toe Rings,3.60,175,420,266,511,"1,840",,,ROX,RIB,OLL,
TRG02-16,120,365,Enamel Flower Toe Rings,3.75,175,420,266,511,"1,916",,,ROX,RIB,OLL,
TRG02-17,120,365,Enamel Flower Toe Rings,5.20,175,420,266,511,"2,657",,,ROX,RIB,OLL,
TRG02-18,120,365,Enamel Flower Toe Rings,3.55,175,420,266,511,"1,814",,,ROX,RIB,OLL,
TRG02-19,120,365,Enamel Flower Toe Rings,3.65,175,420,266,511,"1,865",,,ROX,RIB,OLL,
TRG02-21,120,365,Enamel Flower Toe Rings,3.70,175,420,266,511,"1,891",,,ROX,RIB,OLL,
TRG02-23,120,365,Enamel Flower Toe Rings,3.90,175,420,266,511,"1,993",,,ROX,RIB,OLL,
TRG02-24,120,365,Enamel Flower Toe Rings,5.10,175,420,266,511,"2,606",,,ROX,RIB,OLL,
TRG02-26,120,365,Enamel Flower Toe Rings,3.80,175,420,266,511,"1,942",,,ROX,RIB,OLL,
TRG02-27,120,365,Enamel Flower Toe Rings,3.80,175,420,266,511,"1,942",,,ROX,RIB,OLL,
TRG02-29,120,365,Enamel Flower Toe Rings,3.70,175,420,266,511,"1,891",,,ROX,RIB,OLL,
TRG02-30,120,365,Enamel Flower Toe Rings,3.80,175,420,266,511,"1,942",,,ROX,RIB,OLL,
TRG02-31,120,365,Enamel Flower Toe Rings,3.80,175,420,266,511,"1,942",,,ROX,RIB,OLL,
TRG03-02,120,365,Italian Colour Stone Toe Rings,4.00,175,420,266,511,"2,044",,,ROX,RIB,OLL,
TRG03-03,120,365,Italian Colour Stone Toe Rings,4.10,175,420,266,511,"2,095",,,ROX,RIB,OLL,
TRG04-01,120,365,Fancy CZ Toe Rings,4.75,175,420,266,511,"2,427",,,ROX,RIB,OLL,
TRG04-02,120,365,Fancy CZ Toe Rings,4.70,175,420,266,511,"2,402",,,ROX,RIB,OLL,
TRG04-03,120,365,Fancy CZ Toe Rings,4.65,175,420,266,511,"2,376",,,ROX,RIB,OLL,
TRG04-04,120,365,Fancy CZ Toe Rings,4.60,175,420,266,511,"2,351",,,ROX,RIB,OLL,
TRG04-05,120,365,Fancy CZ Toe Rings,4.80,175,420,266,511,"2,453",,,ROX,RIB,OLL,
TRG04-06,120,365,Fancy CZ Toe Rings,4.85,175,420,266,511,"2,478",,,ROX,RIB,OLL,
TRG04-07,120,365,Fancy CZ Toe Rings,4.45,175,420,266,511,"2,274",,,ROX,RIB,OLL,
TRG04-08,120,365,Fancy CZ Toe Rings,4.60,175,420,266,511,"2,351",,,ROX,RIB,OLL,
TRG04-09,120,365,Fancy CZ Toe Rings,4.40,175,420,266,511,"2,248",,,ROX,RIB,OLL,
TRG04-10,120,365,Fancy CZ Toe Rings,4.70,175,420,266,511,"2,402",,,ROX,RIB,OLL,
TRG04-11,120,365,Fancy CZ Toe Rings,4.50,175,420,266,511,"2,300",,,ROX,RIB,OLL,
TRG04-12,120,365,Fancy CZ Toe Rings,4.50,175,420,266,511,"2,300",,,ROX,RIB,OLL,
TRG04-13,120,365,Fancy CZ Toe Rings,4.70,175,420,266,511,"2,402",,,ROX,RIB,OLL,
TRG04-14,120,365,Fancy CZ Toe Rings,4.50,175,420,266,511,"2,300",,,ROX,RIB,OLL,
TRG04-15,120,365,Fancy CZ Toe Rings,4.40,175,420,266,511,"2,248",,,ROX,RIB,OLL,
TRG04-16,120,365,Fancy CZ Toe Rings,4.80,175,420,266,511,"2,453",,,ROX,RIB,OLL,
TRG04-17,120,365,Fancy CZ Toe Rings,4.80,175,420,266,511,"2,453",,,ROX,RIB,OLL,
TRG04-18,120,365,Fancy CZ Toe Rings,4.90,175,420,266,511,"2,504",,,ROX,RIB,OLL,
TRG04-19,120,365,Fancy CZ Toe Rings,4.70,175,420,266,511,"2,402",,,ROX,RIB,OLL,
TRG05-01,120,365,Flat Enamel Toe Rings,4.55,175,420,266,511,"2,325",,,ROX,RIB,OLL,
TRG05-02,120,365,Flat Enamel Toe Rings,4.15,175,420,266,511,"2,121",,,ROX,RIB,OLL,
TRG05-05,120,365,Flat Enamel Toe Rings,4.72,175,420,266,511,"2,412",,,ROX,RIB,OLL,
TRG05-06,120,365,Flat Enamel Toe Rings,5.10,175,420,266,511,"2,606",,,ROX,RIB,OLL,
TRG05-08,120,365,Flat Enamel Toe Rings,4.50,175,420,266,511,"2,300",,,ROX,RIB,OLL,
TRG05-10,120,365,Flat Enamel Toe Rings,4.75,175,420,266,511,"2,427",,,ROX,RIB,OLL,
TRG05-11,120,365,Flat Enamel Toe Rings,4.30,175,420,266,511,"2,197",,,ROX,RIB,OLL,
TRG05-12,120,365,Flat Enamel Toe Rings,4.90,175,420,266,511,"2,504",,,ROX,RIB,OLL,
TRG05-13,120,365,Flat Enamel Toe Rings,4.40,175,420,266,511,"2,248",,,ROX,RIB,OLL,
TRG05-16,120,365,Flat Enamel Toe Rings,4.70,175,420,266,511,"2,402",,,ROX,RIB,OLL,
TRG05-17,120,365,Flat Enamel Toe Rings,4.32,175,420,266,511,"2,208",,,ROX,RIB,OLL,
TRG05-18,120,365,Flat Enamel Toe Rings,5.05,175,420,266,511,"2,581",,,ROX,RIB,OLL,
TRG05-19,120,365,Flat Enamel Toe Rings,4.55,175,420,266,511,"2,325",,,ROX,RIB,OLL,
TRG05-20,120,365,Flat Enamel Toe Rings,4.50,175,420,266,511,"2,300",,,ROX,RIB,OLL,
TRG05-21,120,365,Flat Enamel Toe Rings,4.80,175,420,266,511,"2,453",,,ROX,RIB,OLL,
TRG05-22,120,365,Flat Enamel Toe Rings,4.50,175,420,266,511,"2,300",,,ROX,RIB,OLL,
TRG05-23,120,365,Flat Enamel Toe Rings,5.20,175,420,266,511,"2,657",,,ROX,RIB,OLL,
TRG05-24,120,365,Flat Enamel Toe Rings,5.15,175,420,266,511,"2,632",,,ROX,RIB,OLL,
TRG05-25,120,365,Flat Enamel Toe Rings,4.65,175,420,266,511,"2,376",,,ROX,RIB,OLL,
TRG05-26,120,365,Flat Enamel Toe Rings,4.25,175,420,266,511,"2,172",,,ROX,RIB,OLL,
TRG05-27,120,365,Flat Enamel Toe Rings,5.02,175,420,266,511,"2,565",,,ROX,RIB,OLL,
TRG05-28,120,365,Flat Enamel Toe Rings,4.40,175,420,266,511,"2,248",,,ROX,RIB,OLL,
TRG05-29,120,365,Flat Enamel Toe Rings,5.00,175,420,266,511,"2,555",,,ROX,RIB,OLL,
TRG05-30,120,365,Flat Enamel Toe Rings,4.35,175,420,266,511,"2,223",,,ROX,RIB,OLL,
TRG05-31,120,365,Flat Enamel Toe Rings,4.30,175,420,266,511,"2,197",,,ROX,RIB,OLL,
WCH02-01,6000,"6,000",Women’s CZ Leather Watch,PC,"6,900","6,900","8,400","8,400","8,400",,,LXXX,LGXX,NZXX,
WCH02-02,6000,"6,000",Women’s CZ Leather Watch,PC,"6,900","6,900","8,400","8,400","8,400",,,LXXX,LGXX,NZXX,
WCH03-01,6000,"6,000",Oxidized Antique Leather Watch,PC,"6,900","6,900","8,400","8,400","8,400",,,LXXX,LGXX,NZXX,
WCH05-01,140,385,Luxury Watch Kada,69.00,198,443,294,539,"37,191",,,RZX,RGN,OGZ,
WCH06-01,6500,"6,500",Rose Gold Fancy Watch,PC,"7,475","7,475","9,100","9,100","9,100",,,LBXX,IZIB,GRXX,
WCH06-02,6500,"6,500",Rose Gold Fancy Watch,PC,"7,475","7,475","9,100","9,100","9,100",,,LBXX,IZIB,GRXX,
WCH06-03,6500,"6,500",Rose Gold Fancy Watch,PC,"7,475","7,475","9,100","9,100","9,100",,,LBXX,IZIB,GRXX,
WCH06-04,6500,"6,500",Rose Gold Fancy Watch,PC,"7,475","7,475","9,100","9,100","9,100",,,LBXX,IZIB,GRXX,
WCH06-05,6500,"6,500",Rose Gold Fancy Watch,PC,"7,475","7,475","9,100","9,100","9,100",,,LBXX,IZIB,GRXX,
WCH06-06,6500,"6,500",Rose Gold Fancy Watch,PC,"7,475","7,475","9,100","9,100","9,100",,,LBXX,IZIB,GRXX,
WCH06-07,6500,"6,500",Rose Gold Fancy Watch,PC,"7,475","7,475","9,100","9,100","9,100",,,LBXX,IZIB,GRXX,
WCH06-08,6500,"6,500",Rose Gold Fancy Watch,PC,"7,475","7,475","9,100","9,100","9,100",,,LBXX,IZIB,GRXX,
WCH06-09,6500,"6,500",Rose Gold Fancy Watch,PC,"7,475","7,475","9,100","9,100","9,100",,,LBXX,IZIB,GRXX,
WCH06-10,6500,"6,500",Rose Gold Fancy Watch,PC,"7,475","7,475","9,100","9,100","9,100",,,LBXX,IZIB,GRXX,
WCH06-11,6500,"6,500",Rose Gold Fancy Watch,PC,"7,475","7,475","9,100","9,100","9,100",,,LBXX,IZIB,GRXX,
WCH06-12,6500,"6,500",Rose Gold Fancy Watch,PC,"7,475","7,475","9,100","9,100","9,100",,,LBXX,IZIB,GRXX,
WCH06-13,6500,"6,500",Rose Gold Fancy Watch,PC,"7,475","7,475","9,100","9,100","9,100",,,LBXX,IZIB,GRXX,
WCH06-14,6500,"6,500",Rose Gold Fancy Watch,PC,"7,475","7,475","9,100","9,100","9,100",,,LBXX,IZIB,GRXX,
WCH06-15,6500,"6,500",Rose Gold Fancy Watch,PC,"7,475","7,475","9,100","9,100","9,100",,,LBXX,IZIB,GRXX,
WCH06-16,6500,"6,500",Rose Gold Fancy Watch,PC,"7,475","7,475","9,100","9,100","9,100",,,LBXX,IZIB,GRXX,
WCH06-17,6500,"6,500",Rose Gold Fancy Watch,PC,"7,475","7,475","9,100","9,100","9,100",,,LBXX,IZIB,GRXX,
WCH06-18,6500,"6,500",Rose Gold Fancy Watch,PC,"7,475","7,475","9,100","9,100","9,100",,,LBXX,IZIB,GRXX,
WCH06-19,6500,"6,500",Rose Gold Fancy Watch,PC,"7,475","7,475","9,100","9,100","9,100",,,LBXX,IZIB,GRXX,
WCH06-20,6500,"6,500",Rose Gold Fancy Watch,PC,"7,475","7,475","9,100","9,100","9,100",,,LBXX,IZIB,GRXX,
WCH06-21,6500,"6,500",Rose Gold Fancy Watch,PC,"7,475","7,475","9,100","9,100","9,100",,,LBXX,IZIB,GRXX,
WCH06-22,6500,"6,500",Rose Gold Fancy Watch,PC,"7,475","7,475","9,100","9,100","9,100",,,LBXX,IZIB,GRXX,
WCH06-23,6500,"6,500",Rose Gold Fancy Watch,PC,"7,475","7,475","9,100","9,100","9,100",,,LBXX,IZIB,GRXX,
WCH06-24,6500,"6,500",Rose Gold Fancy Watch,PC,"7,475","7,475","9,100","9,100","9,100",,,LBXX,IZIB,GRXX,
WCH06-25,6500,"6,500",Rose Gold Fancy Watch,PC,"7,475","7,475","9,100","9,100","9,100",,,LBXX,IZIB,GRXX,
WCH06-26,6500,"6,500",Rose Gold Fancy Watch,PC,"7,475","7,475","9,100","9,100","9,100",,,LBXX,IZIB,GRXX,
WCH06-27,6500,"6,500",Rose Gold Fancy Watch,PC,"7,475","7,475","9,100","9,100","9,100",,,LBXX,IZIB,GRXX,
WCH06-28,6500,"6,500",Rose Gold Fancy Watch,PC,"7,475","7,475","9,100","9,100","9,100",,,LBXX,IZIB,GRXX,
WCH06-29,6500,"6,500",Rose Gold Fancy Watch,PC,"7,475","7,475","9,100","9,100","9,100",,,LBXX,IZIB,GRXX,
WCH06-30,6500,"6,500",Rose Gold Fancy Watch,PC,"7,475","7,475","9,100","9,100","9,100",,,LBXX,IZIB,GRXX,
WCH07-01,70,315,Exclusive 925 Strap Lady Watch,46.32,117,362,196,441,"20,427",,,IX,RRI,RGL,
WCH07-02,70,315,Exclusive 925 Strap Lady Watch,46.05,117,362,196,441,"20,308",,,IX,RRI,RGL,
WCH07-03,70,315,Exclusive 925 Strap Lady Watch,44.30,117,362,196,441,"19,536",,,IX,RRI,RGL,
WCH08-03,-25,220,Two-Tone Men's Fancy Watch,64.50,8,253,63,308,"19,866",,,-OB,N,LA,
WCH08-04,-25,220,Two-Tone Men's Fancy Watch,60.60,8,253,63,308,"18,665",,,-OB,N,LA,
WCH08-05,-25,220,Two-Tone Men's Fancy Watch,69.60,8,253,63,308,"21,437",,,-OB,N,LA,
WCH08-06,-25,220,Two-Tone Men's Fancy Watch,68.90,8,253,63,308,"21,221",,,-OB,N,LA,
WCH08-07,-25,220,Two-Tone Men's Fancy Watch,64.20,8,253,63,308,"19,774",,,-OB,N,LA,
WCH08-09,-25,220,Two-Tone Men's Fancy Watch,59.10,8,253,63,308,"18,203",,,-OB,N,LA,
WCH08-11,-25,220,Two-Tone Men's Fancy Watch,62.15,8,253,63,308,"19,142",,,-OB,N,LA,
WCH08-12,-25,220,Two-Tone Men's Fancy Watch,68.60,8,253,63,308,"21,129",,,-OB,N,LA,
WCH08-14,-25,220,Two-Tone Men's Fancy Watch,58.70,8,253,63,308,"18,080",,,-OB,N,LA,
WCH09-01,30,275,Exclusive 925 Strap Men's Watch,61.30,71,316,140,385,"23,601",,,AX,IR,RZX,
WCH09-02,30,275,Exclusive 925 Strap Men's Watch,60.40,71,316,140,385,"23,254",,,AX,IR,RZX,
WCH09-04,30,275,Exclusive 925 Strap Men's Watch,64.90,71,316,140,385,"24,987",,,AX,IR,RZX,
WCH09-05,30,275,Exclusive 925 Strap Men's Watch,62.90,71,316,140,385,"24,217",,,AX,IR,RZX,
WCH09-06,30,275,Exclusive 925 Strap Men's Watch,61.50,71,316,140,385,"23,678",,,AX,IR,RZX,
CHN08-01,500,745,Aria Tricolore Imp. Neck-Chains,1.50,612,857,798,"1,043","1,565",,,BXX,LRO,IGN,
CHN08-02,500,745,Aria Tricolore Imp. Neck-Chains,1.71,612,857,798,"1,043","1,784",,,BXX,LRO,IGN,
CHN08-03,500,745,Aria Tricolore Imp. Neck-Chains,1.48,612,857,798,"1,043","1,538",,,BXX,LRO,IGN,
CHN08-04,500,745,Aria Tricolore Imp. Neck-Chains,2.10,612,857,798,"1,043","2,190",,,BXX,LRO,IGN,
CHN08-05,500,745,Aria Tricolore Imp. Neck-Chains,1.38,612,857,798,"1,043","1,434",,,BXX,LRO,IGN,
CHN12-01,225,470,Gold Plated Imp. Mesh Neck Hasli,4.50,296,541,413,658,"2,961",,,OOB,OGL,ZRA,
CHN12-02,225,470,Gold Plated Imp. Mesh Neck Hasli,4.70,296,541,413,658,"3,093",,,OOB,OGL,ZRA,
ACC14-07,150,395,Imported Exclusive Brooch,8.90,209,454,308,553,"4,922",,,RBX,OXG,AXN,
BRC18-09,135,380,INDO Matte Bracelet - Men's,15.55,192,437,287,532,"8,273",,,RAB,RGO,ONI,
ANK13-10,175,420,Rose Gold CNC Crystal Anklets,5.10,238,483,343,588,"2,999",,,RIB,OAN,AZA,
ANK13-11,175,420,Rose Gold CNC Crystal Anklets,5.60,238,483,343,588,"3,293",,,RIB,OAN,AZA,
ANK13-12,175,420,Rose Gold CNC Crystal Anklets,5.60,238,483,343,588,"3,293",,,RIB,OAN,AZA,
ANK13-13,175,420,Rose Gold CNC Crystal Anklets,5.10,238,483,343,588,"2,999",,,RIB,OAN,AZA,
